artist,duration_ms,explicit,year,popularity,danceability,energy,key,loudness,mode,speechiness,acousticness,instrumentalness,liveness,valence,tempo,pop,rock,hip hop,Dance/Electronic
412,253306,True,2009,72,0.634,0.69,6,-7.804,1,0.052,0.0771,0.0,0.132,0.645,94.988,1.0,0.0,0.0,0.0
232,189840,False,2014,0,0.737,0.723,1,-5.51,0,0.0295,0.0179,0.0,0.0675,0.893,120.003,1.0,0.0,0.0,0.0
565,231986,False,2013,69,0.546,0.787,7,-4.1,0,0.0517,0.0101,0.00021,0.0809,0.573,79.979,1.0,0.0,0.0,0.0
632,210573,False,2016,62,0.689,0.791,0,-5.194,0,0.053,0.023,0.0,0.0526,0.755,95.04,1.0,0.0,0.0,0.0
148,226440,True,2002,58,0.701,0.677,11,-6.591,0,0.147,0.0737,0.000162,0.187,0.367,99.271,1.0,0.0,0.0,0.0
14,352173,False,1999,54,0.522,0.803,1,-5.825,1,0.0327,0.00117,0.00167,0.31,0.0783,135.205,1.0,0.0,0.0,0.0
176,284160,False,2003,55,0.663,0.465,8,-9.711,0,0.0317,0.555,0.00183,0.125,0.279,127.932,1.0,0.0,0.0,0.0
420,269560,False,2013,84,0.422,0.264,8,-7.064,1,0.0322,0.922,0.0,0.132,0.331,119.93,1.0,0.0,0.0,0.0
33,238266,False,2001,55,0.603,0.774,3,-6.066,0,0.0428,0.0288,0.051,0.0533,0.48,124.994,1.0,0.0,0.0,0.0
618,237626,False,2013,71,0.719,0.671,8,-6.279,1,0.0336,0.0372,8.21e-06,0.12,0.786,130.027,1.0,0.0,0.0,0.0
176,216480,False,2009,71,0.484,0.368,6,-7.784,1,0.0341,0.74,3.82e-05,0.118,0.142,92.923,1.0,0.0,0.0,0.0
583,186106,True,2019,77,0.4,0.795,10,-3.731,0,0.461,0.119,0.0,0.159,0.702,190.097,1.0,0.0,0.0,0.0
464,184573,False,2010,66,0.799,0.783,1,-3.896,0,0.0322,0.0346,0.0186,0.0757,0.586,127.041,1.0,0.0,0.0,0.0
232,235545,True,2018,73,0.851,0.541,0,-6.825,1,0.0505,0.568,0.0,0.13,0.448,124.959,1.0,0.0,0.0,0.0
426,178426,False,2019,78,0.552,0.702,9,-5.707,1,0.157,0.117,2.06e-05,0.105,0.564,169.994,1.0,0.0,0.0,0.0
455,213826,False,2012,83,0.612,0.28,0,-8.648,1,0.0434,0.932,0.0,0.088,0.387,72.795,1.0,0.0,0.0,0.0
483,210853,False,2010,63,0.682,0.795,8,-6.17,0,0.0367,0.0297,0.0391,0.131,0.78,120.008,1.0,0.0,0.0,0.0
583,227026,False,2013,65,0.645,0.878,5,-3.208,0,0.113,0.294,0.0,0.076,0.862,82.324,1.0,0.0,0.0,0.0
414,233466,False,2007,54,0.566,0.766,2,-5.036,1,0.0399,0.431,0.0,0.101,0.547,168.005,1.0,0.0,0.0,0.0
173,444333,True,2006,57,0.859,0.681,1,-6.247,1,0.0549,0.34,0.000161,0.213,0.852,121.243,1.0,0.0,0.0,0.0
666,196520,False,2015,86,0.764,0.705,3,-5.279,0,0.0278,0.0371,1.94e-05,0.0943,0.672,101.003,1.0,0.0,0.0,0.0
421,181026,False,2019,79,0.842,0.734,1,-5.065,0,0.0588,0.0427,0.0,0.106,0.952,137.958,1.0,0.0,0.0,0.0
74,256133,False,2000,54,0.518,0.83,6,-6.814,0,0.0386,0.0404,3.85e-06,0.375,0.527,95.468,1.0,0.0,0.0,0.0
8,271333,False,1999,75,0.713,0.678,5,-3.525,0,0.102,0.273,0.0,0.149,0.734,138.009,1.0,0.0,0.0,0.0
492,226000,False,2011,46,0.443,0.683,2,-5.521,1,0.0343,0.0198,5.26e-06,0.313,0.447,81.986,1.0,0.0,0.0,0.0
56,194213,False,2006,66,0.686,0.789,8,-4.713,0,0.23,0.0125,0.0147,0.142,0.72,172.976,1.0,0.0,0.0,0.0
119,195506,False,2001,58,0.578,0.581,0,-6.867,1,0.0318,0.0658,0.0042,0.0674,0.408,83.293,1.0,0.0,0.0,0.0
231,214733,False,2003,55,0.641,0.445,6,-8.674,1,0.0368,0.145,0.0,0.108,0.383,81.931,1.0,0.0,0.0,0.0
104,240040,False,2003,44,0.512,0.525,5,-6.823,1,0.0401,0.327,3.3e-06,0.081,0.294,169.951,1.0,0.0,0.0,0.0
442,202586,False,2009,63,0.605,0.902,10,-5.406,0,0.0511,0.0185,1.01e-06,0.0534,0.875,132.612,1.0,0.0,0.0,0.0
175,251280,False,2003,54,0.542,0.589,8,-6.813,1,0.0284,0.246,0.0,0.188,0.336,133.838,1.0,0.0,0.0,0.0
232,225066,False,2012,66,0.656,0.674,7,-5.473,1,0.0269,0.00242,0.0,0.255,0.369,120.001,1.0,0.0,0.0,0.0
547,255631,False,2013,74,0.503,0.727,1,-5.456,1,0.167,0.0159,9.45e-05,0.0895,0.521,121.985,1.0,0.0,0.0,0.0
342,259333,False,2004,2,0.706,0.8,5,-6.333,1,0.0399,0.00584,0.0,0.0822,0.629,100.011,1.0,0.0,0.0,0.0
559,244360,True,2013,88,0.445,0.537,4,-8.532,0,0.04,0.695,1.65e-05,0.0944,0.131,122.769,1.0,0.0,0.0,0.0
144,216600,True,2007,75,0.56,0.959,7,-2.433,1,0.102,0.000722,0.000221,0.209,0.669,163.983,1.0,0.0,0.0,0.0
561,195706,False,2016,76,0.501,0.519,4,-5.88,0,0.0409,0.109,0.0,0.454,0.168,133.99,1.0,0.0,0.0,0.0
232,206200,False,2002,77,0.712,0.862,5,-4.612,0,0.0378,0.0525,0.0,0.093,0.809,95.051,1.0,0.0,0.0,0.0
54,251440,False,2010,46,0.614,0.792,6,-4.907,1,0.0299,0.0653,0.0,0.195,0.407,91.066,1.0,0.0,0.0,0.0
354,209800,False,2007,65,0.767,0.881,9,-3.988,1,0.0301,0.00133,0.000139,0.0551,0.961,130.018,1.0,0.0,0.0,0.0
173,484146,False,2013,78,0.574,0.512,5,-6.664,0,0.0503,0.234,0.0,0.0946,0.512,76.899,1.0,0.0,0.0,0.0
729,217296,True,2019,47,0.617,0.558,10,-7.046,0,0.0431,0.184,1.03e-06,0.0911,0.4,147.932,1.0,0.0,0.0,0.0
499,185640,False,2014,0,0.787,0.848,1,-4.696,1,0.0549,0.0915,0.0,0.15,0.947,121.989,1.0,0.0,0.0,0.0
144,240493,False,2007,68,0.457,0.719,4,-3.921,0,0.0323,0.191,0.0,0.228,0.168,142.034,1.0,0.0,0.0,0.0
369,288670,False,2010,0,0.687,0.865,6,-4.663,1,0.0349,0.0743,0.225,0.0966,0.261,117.015,1.0,0.0,0.0,0.0
424,274213,False,2009,67,0.623,0.793,11,-6.63,0,0.0462,0.000397,0.0015,0.375,0.36,98.998,1.0,0.0,0.0,0.0
421,183000,False,2019,71,0.795,0.496,0,-5.883,1,0.0722,0.108,0.0,0.0645,0.874,94.01,1.0,0.0,0.0,0.0
316,209666,False,2004,57,0.741,0.869,9,-6.534,0,0.0816,0.096,0.0,0.0396,0.839,126.069,1.0,0.0,0.0,0.0
323,289359,False,2010,57,0.514,0.83,11,-6.077,0,0.044,0.0378,1.43e-06,0.122,0.138,100.631,1.0,0.0,0.0,0.0
455,222091,False,2010,78,0.704,0.558,2,-7.273,0,0.0542,0.148,0.0,0.107,0.245,110.444,1.0,0.0,0.0,0.0
93,207560,False,2001,58,0.582,0.707,10,-4.487,1,0.0319,0.0822,0.0,0.0467,0.701,78.375,1.0,0.0,0.0,0.0
459,217036,False,2010,42,0.817,0.939,7,-6.079,0,0.28,0.0798,0.441,0.431,0.599,128.0,1.0,0.0,0.0,0.0
583,214840,False,2014,0,0.687,0.702,7,-5.324,0,0.0455,0.0064,4.35e-05,0.204,0.284,129.956,1.0,0.0,0.0,0.0
438,196520,False,2009,54,0.451,0.873,3,-4.711,0,0.19,0.171,0.0,0.327,0.589,119.918,1.0,0.0,0.0,0.0
536,251266,False,2012,0,0.697,0.529,2,-8.838,1,0.0338,0.115,0.901,0.0895,0.486,155.974,1.0,0.0,0.0,0.0
241,312986,False,2008,65,0.74,0.945,0,-4.442,0,0.0889,0.123,0.0,0.112,0.629,130.015,1.0,0.0,0.0,0.0
324,292373,True,2006,63,0.906,0.584,8,-7.72,0,0.316,0.0576,0.0,0.128,0.831,129.055,1.0,0.0,0.0,0.0
294,222653,False,2005,52,0.489,0.798,1,-4.49,1,0.0316,0.00115,2.81e-06,0.149,0.309,94.163,1.0,0.0,0.0,0.0
250,216706,False,2004,70,0.751,0.731,6,-4.419,0,0.0308,0.0838,0.0,0.0556,0.973,97.007,1.0,0.0,0.0,0.0
215,208386,False,2003,38,0.85,0.862,2,-3.587,1,0.138,0.0733,0.00144,0.0936,0.908,130.036,1.0,0.0,0.0,0.0
4,191040,False,2000,60,0.644,0.874,0,-4.666,0,0.0801,0.0459,2.24e-06,0.0584,0.882,165.09,1.0,0.0,0.0,0.0
70,231760,False,2000,68,0.491,0.593,0,-5.975,1,0.0255,0.098,0.0,0.257,0.328,144.142,1.0,0.0,0.0,0.0
724,174600,False,2017,61,0.588,0.749,11,-4.323,0,0.058,0.0037,0.0,0.0813,0.397,130.093,1.0,0.0,0.0,0.0
733,188786,False,2017,0,0.623,0.909,4,-3.079,0,0.0758,0.158,0.0,0.0972,0.651,93.984,1.0,0.0,0.0,0.0
802,229773,False,2019,35,0.645,0.862,11,-4.757,0,0.0965,0.0923,0.0,0.192,0.798,119.991,1.0,0.0,0.0,0.0
624,230453,True,2016,0,0.681,0.594,7,-7.028,1,0.282,0.165,3.49e-06,0.134,0.535,186.054,1.0,0.0,0.0,0.0
449,215866,False,2009,71,0.691,0.853,1,-2.528,0,0.0372,0.0631,7.13e-05,0.082,0.762,145.999,1.0,0.0,0.0,0.0
4,200560,False,2000,65,0.614,0.928,8,-4.806,0,0.0516,0.0408,0.00104,0.0845,0.879,172.656,1.0,0.0,0.0,0.0
616,251088,False,2016,75,0.72,0.763,9,-4.068,0,0.0523,0.406,0.0,0.18,0.742,101.965,1.0,0.0,0.0,0.0
672,223503,False,2017,68,0.741,0.667,10,-5.445,1,0.134,0.0575,0.0,0.106,0.595,112.956,1.0,0.0,0.0,0.0
241,235800,True,2004,21,0.629,0.532,5,-7.88,0,0.0352,0.331,0.0,0.238,0.619,90.098,1.0,0.0,0.0,0.0
188,323480,True,2014,70,0.589,0.621,5,-6.902,0,0.0468,0.00969,0.00104,0.181,0.401,140.03,1.0,0.0,0.0,0.0
244,198567,False,2007,0,0.537,0.937,0,-4.543,1,0.0523,0.00102,0.035,0.0917,0.324,124.938,1.0,0.0,0.0,0.0
87,260466,False,2005,64,0.344,0.874,0,-3.161,1,0.0777,0.0841,0.0,0.129,0.269,185.888,1.0,0.0,0.0,0.0
587,257200,False,2014,70,0.421,0.791,9,-4.998,1,0.0496,0.0117,1.48e-05,0.146,0.499,130.075,1.0,0.0,0.0,0.0
324,246600,True,2006,64,0.811,0.757,0,-6.447,1,0.23,0.298,0.0,0.103,0.565,130.993,1.0,0.0,0.0,0.0
640,270589,False,2017,59,0.583,0.785,2,-3.991,0,0.0337,0.0012,0.0127,0.124,0.355,91.977,1.0,0.0,0.0,0.0
614,157492,False,2019,1,0.505,0.428,5,-5.604,1,0.221,0.489,0.0,0.0977,0.618,175.813,1.0,0.0,0.0,0.0
648,222813,False,2016,0,0.678,0.633,8,-6.443,0,0.171,0.151,0.0,0.147,0.478,99.886,1.0,0.0,0.0,0.0
241,212360,True,2006,58,0.94,0.743,5,-5.166,0,0.0475,0.317,0.0,0.0909,0.932,118.988,1.0,0.0,0.0,0.0
146,208600,False,2001,72,0.558,0.719,2,-5.113,1,0.0267,0.0367,0.0,0.115,0.371,112.027,1.0,0.0,0.0,0.0
773,157605,False,2019,81,0.88,0.751,7,-4.258,0,0.0874,0.177,6.43e-05,0.106,0.884,117.948,1.0,0.0,0.0,0.0
587,210226,False,2016,68,0.668,0.725,1,-6.127,1,0.266,0.0102,0.000479,0.0561,0.729,191.944,1.0,0.0,0.0,0.0
344,210066,False,2006,49,0.474,0.71,1,-4.606,1,0.029,0.0548,0.0,0.0974,0.591,78.969,1.0,0.0,0.0,0.0
689,245200,False,2016,0,0.735,0.451,0,-8.374,1,0.0585,0.0631,1.3e-05,0.325,0.0862,117.973,1.0,0.0,0.0,0.0
408,212360,False,2008,53,0.383,0.703,4,-5.65,0,0.0763,0.00116,2.39e-05,0.112,0.42,135.968,1.0,0.0,0.0,0.0
60,243533,False,2000,55,0.859,0.622,11,-8.196,1,0.0445,0.0661,0.0,0.0394,0.433,134.007,1.0,0.0,0.0,0.0
237,236213,False,2004,68,0.856,0.754,7,-2.728,0,0.0416,0.0294,1.49e-05,0.206,0.722,98.018,1.0,0.0,0.0,0.0
578,204360,False,2013,66,0.551,0.833,8,-5.217,1,0.03,0.0391,2.77e-06,0.0632,0.145,129.885,1.0,0.0,0.0,0.0
518,250706,False,2013,59,0.439,0.489,8,-6.286,1,0.0368,0.132,0.000643,0.114,0.253,143.808,1.0,0.0,0.0,0.0
439,196640,False,2009,0,0.894,0.93,11,-4.577,1,0.0712,0.0355,0.0,0.0759,0.968,120.02,1.0,0.0,0.0,0.0
412,223853,False,2007,59,0.492,0.859,4,-4.274,1,0.0332,0.0659,0.0,0.0756,0.251,92.474,1.0,0.0,0.0,0.0
188,213506,False,2014,69,0.747,0.705,9,-5.137,0,0.126,0.0128,0.0,0.126,0.56,136.024,1.0,0.0,0.0,0.0
385,227741,False,2010,69,0.719,0.798,10,-4.582,1,0.0361,0.0162,2.34e-06,0.134,0.591,120.011,1.0,0.0,0.0,0.0
609,219840,False,2014,72,0.806,0.608,1,-7.008,1,0.0659,0.0113,0.0,0.635,0.849,95.049,1.0,0.0,0.0,0.0
311,207613,False,2005,49,0.715,0.812,1,-5.758,1,0.062,0.175,0.000134,0.044,0.554,128.04,1.0,0.0,0.0,0.0
385,234653,False,2012,72,0.791,0.754,0,-3.729,1,0.0569,0.00446,0.0,0.163,0.425,125.014,1.0,0.0,0.0,0.0
56,245960,False,2002,67,0.435,0.92,4,-1.357,0,0.201,0.235,0.000353,0.552,0.45,188.899,1.0,0.0,0.0,0.0
132,304666,False,2000,0,0.569,0.385,1,-9.919,0,0.0499,0.342,0.0,0.0876,0.339,99.738,1.0,0.0,0.0,0.0
173,252973,False,2006,66,0.606,0.591,0,-7.228,0,0.087,0.0756,0.0,0.328,0.477,95.802,1.0,0.0,0.0,0.0
33,200973,False,2004,47,0.548,0.785,7,-5.087,1,0.0704,0.00277,0.048,0.329,0.418,120.939,1.0,0.0,0.0,0.0
410,179946,False,2007,67,0.618,0.955,4,-3.836,1,0.0798,0.00221,3.09e-06,0.486,0.79,150.034,1.0,0.0,0.0,0.0
54,202960,True,2010,76,0.7,0.709,7,-5.006,1,0.0838,0.0048,0.0,0.029,0.624,122.019,1.0,0.0,0.0,0.0
531,209440,False,2013,75,0.376,0.695,0,-4.782,0,0.0933,0.135,0.0,0.11,0.302,169.533,1.0,0.0,0.0,0.0
502,274600,True,2012,62,0.54,0.856,0,-3.966,0,0.1,0.109,0.0,0.276,0.258,153.071,1.0,0.0,0.0,0.0
313,150533,False,2015,39,0.814,0.923,7,-4.525,1,0.229,0.0154,0.154,0.0862,0.518,127.919,1.0,0.0,0.0,0.0
62,212973,False,2000,58,0.541,0.899,1,-6.261,1,0.0633,0.0178,2.95e-06,0.286,0.829,106.676,1.0,0.0,0.0,0.0
455,220734,False,2010,77,0.635,0.841,5,-5.379,1,0.0422,0.0134,0.0,0.0622,0.424,109.021,1.0,0.0,0.0,0.0
194,215480,False,2003,69,0.801,0.645,1,-6.93,1,0.0356,0.0457,0.0,0.0357,0.824,110.01,1.0,0.0,0.0,0.0
153,195866,False,2002,45,0.517,0.919,5,-3.451,1,0.0925,0.0996,1.81e-06,0.557,0.387,91.868,1.0,0.0,0.0,0.0
551,219733,False,2012,0,0.738,0.875,7,-3.141,1,0.127,0.000673,0.000556,0.285,0.538,114.962,1.0,0.0,0.0,0.0
583,236133,False,2014,74,0.472,0.714,1,-4.389,0,0.0334,0.00937,0.0,0.0764,0.24,98.992,1.0,0.0,0.0,0.0
64,241373,False,1999,64,0.634,0.886,9,-5.424,1,0.0434,0.154,0.0,0.118,0.577,93.04,1.0,0.0,0.0,0.0
676,180822,False,2017,80,0.52,0.761,4,-3.093,1,0.0853,0.256,4.96e-06,0.17,0.286,141.971,1.0,0.0,0.0,0.0
232,219546,False,2012,74,0.716,0.821,5,-3.435,0,0.0314,0.0558,0.0,0.0844,0.618,92.997,1.0,0.0,0.0,0.0
7,233600,False,2004,33,0.607,0.874,5,-5.409,0,0.0349,0.00331,0.0494,0.26,0.846,130.015,1.0,0.0,0.0,0.0
87,276373,False,2001,32,0.412,0.667,6,-6.997,1,0.229,0.195,0.0,0.305,0.533,68.942,1.0,0.0,0.0,0.0
382,206520,False,2007,62,0.423,0.94,1,-4.012,0,0.0635,0.00166,0.0,0.178,0.505,149.934,1.0,0.0,0.0,0.0
91,241000,False,2001,54,0.668,0.772,9,-5.4,0,0.0307,0.123,0.0,0.341,0.911,118.011,1.0,0.0,0.0,0.0
545,264011,False,2017,0,0.499,0.676,0,-8.618,0,0.0582,0.588,0.00484,0.358,0.295,99.979,1.0,0.0,0.0,0.0
30,225973,False,2000,58,0.736,0.802,7,-8.527,1,0.0663,0.00149,0.0876,0.14,0.871,119.854,1.0,0.0,0.0,0.0
121,201533,False,2001,60,0.585,0.702,0,-5.734,1,0.0325,0.538,0.0,0.216,0.51,139.909,1.0,0.0,0.0,0.0
226,188960,False,2004,71,0.662,0.739,9,-5.354,0,0.0322,0.00206,0.0603,0.113,0.382,130.999,1.0,0.0,0.0,0.0
82,196160,False,2001,74,0.794,0.832,1,-4.862,0,0.0407,0.237,1.14e-05,0.203,0.871,107.657,1.0,0.0,0.0,0.0
86,250706,False,2001,71,0.667,0.773,5,-4.983,0,0.0586,0.201,0.0,0.404,0.667,89.976,1.0,0.0,0.0,0.0
87,326240,False,2001,61,0.653,0.837,6,-6.818,0,0.124,0.534,7.12e-05,0.0784,0.64,97.914,1.0,0.0,0.0,0.0
375,187733,False,2006,69,0.675,0.828,0,-5.799,1,0.0454,0.0242,0.0102,0.364,0.669,122.229,1.0,0.0,0.0,0.0
328,262466,False,2007,75,0.638,0.656,5,-5.886,1,0.0357,0.188,0.0,0.146,0.225,104.036,1.0,0.0,0.0,0.0
0,247853,True,2013,0,0.63,0.816,9,-6.535,1,0.15,0.124,0.00111,0.0616,0.85,128.012,1.0,0.0,0.0,0.0
241,235066,True,2004,16,0.818,0.579,7,-4.475,1,0.101,0.023,0.0,0.107,0.354,89.987,1.0,0.0,0.0,0.0
565,229080,False,2015,69,0.672,0.593,11,-4.01,0,0.0304,0.0223,0.0,0.214,0.438,98.02,1.0,0.0,0.0,0.0
473,203960,False,2010,0,0.515,0.837,11,-2.552,1,0.0401,0.0868,0.0,0.0403,0.52,126.026,1.0,0.0,0.0,0.0
324,268120,False,2006,76,0.708,0.641,7,-4.296,1,0.0335,0.205,0.0,0.0945,0.253,113.082,1.0,0.0,0.0,0.0
767,131064,True,2018,75,0.71,0.789,4,-3.874,1,0.0722,0.0161,2.77e-06,0.451,0.717,142.929,1.0,0.0,0.0,0.0
565,186112,False,2017,69,0.708,0.618,2,-4.424,1,0.0592,0.0204,6.81e-06,0.062,0.265,123.013,1.0,0.0,0.0,0.0
499,224293,False,2014,0,0.69,0.845,9,-4.676,1,0.0339,0.0193,0.0,0.101,0.638,114.948,1.0,0.0,0.0,0.0
113,218626,False,2001,47,0.631,0.821,4,-7.853,0,0.0867,0.00876,0.000247,0.293,0.547,118.007,1.0,0.0,0.0,0.0
426,231146,False,2008,55,0.687,0.771,6,-4.424,1,0.0384,0.164,2.46e-05,0.112,0.445,129.964,1.0,0.0,0.0,0.0
54,192533,False,2001,68,0.802,0.903,11,-3.267,0,0.046,0.0011,0.0,0.173,0.96,128.93,1.0,0.0,0.0,0.0
527,230613,False,2015,79,0.579,0.736,6,-3.863,0,0.0527,0.31,0.0,0.198,0.613,127.999,1.0,0.0,0.0,0.0
188,208066,False,2008,48,0.694,0.825,1,-5.986,1,0.111,0.0895,1.86e-05,0.0618,0.788,121.949,1.0,0.0,0.0,0.0
601,183750,False,2014,0,0.789,0.915,0,-3.263,1,0.248,0.0135,8.77e-06,0.0818,0.66,127.955,1.0,0.0,0.0,0.0
499,185586,False,2012,0,0.762,0.863,0,-3.689,0,0.0565,0.015,0.0,0.125,0.965,106.008,1.0,0.0,0.0,0.0
278,229360,False,2005,57,0.938,0.735,7,-6.382,1,0.0434,0.00952,0.0,0.0998,0.55,103.7,1.0,0.0,0.0,0.0
311,245466,False,2006,69,0.893,0.823,5,-3.708,0,0.122,0.0714,0.0,0.0509,0.902,128.009,1.0,0.0,0.0,0.0
153,237693,False,2003,58,0.586,0.705,1,-4.904,0,0.0287,0.0485,0.0,0.15,0.459,98.014,1.0,0.0,0.0,0.0
624,228373,False,2018,80,0.461,0.593,1,-4.954,1,0.0356,0.17,0.0,0.307,0.175,134.17,1.0,0.0,0.0,0.0
65,241960,False,2008,56,0.529,0.934,0,-4.808,1,0.0602,0.00153,5.16e-06,0.118,0.282,127.962,1.0,0.0,0.0,0.0
232,234308,True,2017,0,0.697,0.716,9,-6.288,0,0.113,0.118,0.0,0.0424,0.506,99.905,1.0,0.0,0.0,0.0
534,157152,True,2013,68,0.711,0.906,8,-2.671,1,0.0284,0.00952,1.64e-05,0.153,0.824,125.916,1.0,0.0,0.0,0.0
7,170493,False,2001,64,0.654,0.515,0,-12.185,1,0.0261,0.429,5.62e-06,0.174,0.677,106.191,1.0,0.0,0.0,0.0
403,205200,False,2007,1,0.447,0.848,2,-6.175,1,0.222,0.033,7.45e-05,0.65,0.485,172.247,1.0,0.0,0.0,0.0
8,207906,False,2001,64,0.84,0.835,1,-4.386,0,0.275,0.00281,1.11e-06,0.152,0.637,103.376,1.0,0.0,0.0,0.0
457,204760,False,2010,71,0.736,0.817,8,-4.9,1,0.0407,0.00987,0.00167,0.117,0.653,119.95,1.0,0.0,0.0,0.0
526,219493,False,2012,72,0.727,0.937,11,-2.871,0,0.286,0.00417,0.0,0.091,0.749,132.067,1.0,0.0,0.0,0.0
152,204400,False,2002,54,0.705,0.717,4,-4.944,0,0.125,0.00369,0.461,0.0701,0.554,97.036,1.0,0.0,0.0,0.0
769,197436,False,2018,81,0.752,0.505,9,-7.621,1,0.253,0.535,2.55e-06,0.104,0.419,91.97,1.0,0.0,0.0,0.0
609,233712,False,2017,84,0.825,0.652,1,-3.183,0,0.0802,0.581,0.0,0.0931,0.931,95.977,1.0,0.0,0.0,0.0
210,201920,False,2003,59,0.553,0.775,1,-10.284,0,0.043,0.212,0.0,0.0728,0.51,139.993,1.0,0.0,0.0,0.0
544,226600,False,2014,83,0.672,0.52,8,-7.747,1,0.0353,0.859,0.0,0.115,0.37,120.001,1.0,0.0,0.0,0.0
455,178560,True,2012,78,0.874,0.692,5,-5.28,0,0.0431,0.0412,7.24e-05,0.324,0.937,116.017,1.0,0.0,0.0,0.0
344,250453,False,2008,70,0.57,0.717,1,-4.914,1,0.029,0.00967,0.0,0.0833,0.321,111.91,1.0,0.0,0.0,0.0
527,181672,True,2017,77,0.662,0.858,2,-4.844,1,0.0428,0.00163,0.0,0.0456,0.295,133.993,1.0,0.0,0.0,0.0
0,210266,False,2011,66,0.696,0.546,5,-6.55,1,0.0414,0.00379,3.8e-06,0.332,0.787,130.002,1.0,0.0,0.0,0.0
620,213213,False,2014,63,0.68,0.84,9,-3.823,1,0.0414,0.0457,8.66e-06,0.143,0.468,104.975,1.0,0.0,0.0,0.0
71,268746,False,2000,62,0.631,0.664,6,-9.197,1,0.0242,0.0498,0.00042,0.0696,0.407,100.618,1.0,0.0,0.0,0.0
237,221226,False,2004,60,0.676,0.948,5,-2.557,1,0.0628,0.0509,8.19e-06,0.384,0.731,136.027,1.0,0.0,0.0,0.0
553,190185,False,2013,77,0.674,0.428,7,-9.504,1,0.122,0.121,0.0,0.132,0.337,84.878,1.0,0.0,0.0,0.0
7,201053,False,2012,68,0.715,0.791,10,-6.63,1,0.0414,0.0368,0.0,0.0694,0.879,116.043,1.0,0.0,0.0,0.0
810,193837,False,2019,71,0.599,0.887,4,-3.967,1,0.0984,0.0192,1.21e-06,0.3,0.881,170.918,1.0,0.0,0.0,0.0
69,281466,False,1999,54,0.581,0.607,4,-8.458,1,0.028,0.189,1.6e-06,0.0882,0.213,102.03,1.0,0.0,0.0,0.0
65,260333,False,2002,67,0.53,0.768,7,-5.611,1,0.0284,0.00385,0.0,0.103,0.374,148.095,1.0,0.0,0.0,0.0
0,231066,False,2001,58,0.534,0.543,3,-6.857,1,0.0245,0.579,0.0,0.112,0.418,78.996,1.0,0.0,0.0,0.0
466,212862,False,2012,76,0.612,0.84,11,-3.145,0,0.0509,0.112,0.0,0.116,0.438,129.042,1.0,0.0,0.0,0.0
323,202066,False,2006,64,0.309,0.783,10,-4.154,1,0.0405,0.142,1.11e-06,0.118,0.372,175.788,1.0,0.0,0.0,0.0
544,200186,False,2012,0,0.658,0.837,2,-2.063,1,0.0543,0.0629,0.0,0.0969,0.936,126.015,1.0,0.0,0.0,0.0
544,245493,False,2013,81,0.6,0.663,3,-5.802,1,0.0477,0.225,0.0,0.119,0.286,121.07,1.0,0.0,0.0,0.0
651,230226,False,2016,76,0.319,0.739,0,-5.74,1,0.272,0.0285,0.0,0.111,0.449,194.169,1.0,0.0,0.0,0.0
616,225914,False,2016,60,0.605,0.77,5,-3.645,0,0.0446,0.0431,0.0,0.159,0.298,130.037,1.0,0.0,0.0,0.0
0,203600,False,2001,69,0.847,0.843,5,-3.579,0,0.106,0.415,0.000134,0.107,0.963,110.027,1.0,0.0,0.0,0.0
543,250080,False,2012,0,0.61,0.863,5,-2.632,0,0.206,0.186,0.0,0.097,0.508,83.993,1.0,0.0,0.0,0.0
37,223133,False,2003,37,0.762,0.885,0,-5.096,0,0.0395,0.0371,0.0,0.0519,0.886,117.021,1.0,0.0,0.0,0.0
153,237693,False,2003,58,0.586,0.705,1,-4.904,0,0.0287,0.0485,0.0,0.15,0.459,98.014,1.0,0.0,0.0,0.0
41,234960,False,1999,68,0.63,0.625,6,-5.088,0,0.0252,0.231,0.0,0.0765,0.683,167.998,1.0,0.0,0.0,0.0
437,212773,False,2009,59,0.581,0.824,0,-3.912,0,0.0377,0.0105,0.0,0.483,0.747,114.912,1.0,0.0,0.0,0.0
551,246240,False,2017,1,0.773,0.747,5,-4.061,1,0.0889,0.0239,8.23e-06,0.11,0.8,126.014,1.0,0.0,0.0,0.0
248,232000,False,2004,67,0.87,0.712,11,-6.313,0,0.0432,0.0202,0.000331,0.0576,0.877,121.057,1.0,0.0,0.0,0.0
370,211520,False,2007,72,0.517,0.906,1,-3.677,1,0.0735,0.00272,9.26e-06,0.113,0.731,172.977,1.0,0.0,0.0,0.0
334,232000,False,2008,71,0.668,0.673,1,-5.714,1,0.145,0.48,0.0,0.194,0.727,171.812,1.0,0.0,0.0,0.0
609,189733,True,2019,66,0.885,0.762,8,-5.513,0,0.216,0.219,0.0,0.162,0.605,138.058,1.0,0.0,0.0,0.0
341,167493,False,2006,46,0.656,0.624,3,-4.623,0,0.0691,0.0065,0.0,0.278,0.735,124.082,1.0,0.0,0.0,0.0
435,248066,True,2008,41,0.661,0.584,1,-5.09,1,0.061,0.00293,4.82e-06,0.134,0.0949,159.873,1.0,0.0,0.0,0.0
156,208449,False,2013,47,0.486,0.904,2,-6.642,1,0.0364,0.000748,0.0984,0.187,0.118,143.048,1.0,0.0,0.0,0.0
173,288333,False,2002,73,0.624,0.654,8,-6.582,0,0.183,0.577,0.0,0.104,0.564,73.898,1.0,0.0,0.0,0.0
385,228878,False,2013,0,0.555,0.729,7,-4.813,1,0.0387,0.00357,0.0,0.209,0.369,129.003,1.0,0.0,0.0,0.0
554,263053,False,2013,55,0.861,0.504,7,-7.707,1,0.0489,0.00412,1.78e-05,0.0783,0.881,120.0,1.0,0.0,0.0,0.0
614,203417,False,2018,69,0.596,0.854,7,-5.114,0,0.463,0.0169,0.0,0.124,0.152,120.274,1.0,0.0,0.0,0.0
549,292586,False,2013,66,0.544,0.728,6,-5.358,0,0.05,0.00264,0.00959,0.427,0.281,174.983,1.0,0.0,0.0,0.0
586,167065,False,2014,79,0.656,0.627,7,-6.627,0,0.0379,0.343,2.17e-05,0.124,0.481,99.933,1.0,0.0,0.0,0.0
456,232146,False,2013,0,0.733,0.818,10,-7.222,0,0.0859,0.0241,0.0,0.0636,0.253,116.019,1.0,0.0,0.0,0.0
780,178480,False,2019,77,0.674,0.881,9,-2.853,1,0.147,0.296,3.01e-06,0.0793,0.234,98.994,1.0,0.0,0.0,0.0
375,235173,False,2006,57,0.673,0.913,4,-4.981,1,0.0664,0.0304,0.00298,0.113,0.587,124.484,1.0,0.0,0.0,0.0
46,265026,False,2001,47,0.771,0.796,5,-3.081,0,0.076,0.0993,0.00278,0.0981,0.801,99.316,1.0,0.0,0.0,0.0
730,204502,False,2017,1,0.869,0.485,6,-5.595,1,0.0545,0.246,0.0,0.0765,0.527,106.028,1.0,0.0,0.0,0.0
277,238000,False,2013,0,0.575,0.821,0,-5.7,1,0.0527,0.181,0.0,0.124,0.449,118.021,1.0,0.0,0.0,0.0
544,192120,False,2015,79,0.73,0.703,0,-5.672,0,0.0369,0.109,0.0,0.0657,0.595,138.113,1.0,0.0,0.0,0.0
243,257333,False,2016,66,0.833,0.515,11,-5.0,0,0.0462,0.347,0.00156,0.116,0.4,97.007,1.0,0.0,0.0,0.0
245,220426,False,2009,58,0.893,0.666,10,-5.089,0,0.138,0.0206,0.0,0.342,0.874,107.011,1.0,0.0,0.0,0.0
637,224030,False,2017,67,0.576,0.782,6,-4.825,0,0.0296,0.00778,0.0,0.285,0.355,141.153,1.0,0.0,0.0,0.0
188,261640,False,2008,74,0.508,0.72,11,-5.908,0,0.0628,0.272,0.0,0.0563,0.472,79.983,1.0,0.0,0.0,0.0
192,285570,False,2003,66,0.793,0.698,11,-3.626,1,0.104,0.163,0.145,0.0745,0.339,130.017,1.0,0.0,0.0,0.0
596,189399,False,2014,66,0.76,0.886,9,-5.356,0,0.0258,0.0219,7.43e-06,0.623,0.78,123.002,1.0,0.0,0.0,0.0
624,242253,True,2015,84,0.585,0.564,0,-7.063,0,0.0515,0.0671,0.0,0.135,0.137,113.003,1.0,0.0,0.0,0.0
176,303333,False,2001,52,0.652,0.41,4,-8.323,0,0.158,0.333,0.0,0.064,0.495,75.09,1.0,0.0,0.0,0.0
424,294573,True,2009,80,0.696,0.921,0,-3.755,1,0.0363,0.00314,5.24e-05,0.0842,0.714,119.001,1.0,0.0,0.0,0.0
527,208316,False,2012,68,0.509,0.79,6,-3.782,0,0.0374,0.332,6.67e-05,0.316,0.638,127.946,1.0,0.0,0.0,0.0
486,210680,False,2017,52,0.458,0.905,0,-4.157,1,0.0451,0.000431,0.0,0.378,0.553,176.667,1.0,0.0,0.0,0.0
336,261053,False,2019,35,0.474,0.744,2,-5.386,1,0.0341,0.0208,1.22e-06,0.209,0.238,129.005,1.0,0.0,0.0,0.0
527,176658,False,2014,85,0.527,0.835,6,-5.298,1,0.0433,0.0166,0.0,0.249,0.654,125.983,1.0,0.0,0.0,0.0
648,223186,False,2016,74,0.64,0.635,8,-7.565,0,0.226,0.271,0.0,0.319,0.475,100.034,1.0,0.0,0.0,0.0
426,211933,False,2014,54,0.646,0.794,7,-6.104,1,0.19,0.0885,6.16e-06,0.201,0.287,170.216,1.0,0.0,0.0,0.0
446,196413,False,2009,65,0.594,0.874,0,-3.716,1,0.0815,0.0116,0.0,0.549,0.628,119.964,1.0,0.0,0.0,0.0
33,207866,False,2000,55,0.761,0.662,6,-7.645,0,0.0548,0.292,6.19e-05,0.0956,0.631,120.043,1.0,0.0,0.0,0.0
600,189720,False,2014,62,0.441,0.921,8,-3.32,1,0.0436,0.000526,6.34e-06,0.177,0.182,175.001,1.0,0.0,0.0,0.0
774,182160,False,2019,84,0.501,0.405,1,-5.679,1,0.0319,0.751,0.0,0.105,0.446,109.891,1.0,0.0,0.0,0.0
160,227866,False,2003,53,0.7,0.72,1,-6.061,1,0.0261,0.285,0.0,0.0845,0.654,106.986,1.0,0.0,0.0,0.0
385,216160,False,2012,73,0.678,0.918,5,-4.63,1,0.0355,0.000417,0.0,0.0744,0.769,130.028,1.0,0.0,0.0,0.0
173,283626,False,2002,62,0.853,0.811,6,-4.927,0,0.0646,0.0439,0.000307,0.0703,0.9,114.964,1.0,0.0,0.0,0.0
37,219360,False,1999,54,0.683,0.866,1,-5.436,0,0.0329,0.0395,0.00161,0.0483,0.542,121.996,1.0,0.0,0.0,0.0
550,205346,False,2011,71,0.651,0.695,6,-3.218,1,0.0487,0.23,0.0,0.144,0.569,123.008,1.0,0.0,0.0,0.0
424,241933,False,2008,76,0.822,0.739,1,-4.541,0,0.0311,0.0264,4.26e-05,0.181,0.745,118.992,1.0,0.0,0.0,0.0
37,199693,False,2016,68,0.716,0.908,8,-3.254,0,0.103,0.0858,0.0,0.135,0.869,91.03,1.0,0.0,0.0,0.0
680,209425,False,2016,0,0.734,0.847,11,-3.713,0,0.0346,0.355,0.000144,0.154,0.673,104.013,1.0,0.0,0.0,0.0
17,214883,False,2000,73,0.671,0.88,8,-6.149,0,0.0552,0.00181,0.691,0.285,0.782,136.953,1.0,0.0,0.0,0.0
601,221506,False,2017,73,0.653,0.658,2,-6.428,1,0.0304,0.0215,1.66e-06,0.0939,0.219,99.99,1.0,0.0,0.0,0.0
527,247426,False,2013,6,0.532,0.783,2,-5.697,1,0.0523,0.0038,0.0012,0.161,0.643,124.08,1.0,0.0,0.0,0.0
385,199186,False,2008,49,0.524,0.878,5,-3.108,0,0.0346,0.0012,0.0,0.098,0.59,130.989,1.0,0.0,0.0,0.0
30,281880,False,2005,61,0.589,0.877,0,-6.229,0,0.046,0.00121,0.013,0.169,0.443,132.971,1.0,0.0,0.0,0.0
538,245466,False,2014,74,0.49,0.885,3,-4.121,1,0.0396,0.00218,0.0,0.0741,0.64,166.996,1.0,0.0,0.0,0.0
56,255266,False,2002,61,0.859,0.658,8,-4.481,1,0.192,0.0326,0.00181,0.0651,0.538,98.989,1.0,0.0,0.0,0.0
54,247906,False,2012,76,0.674,0.628,2,-7.079,1,0.03,0.00144,0.0,0.0944,0.552,103.998,1.0,0.0,0.0,0.0
51,253626,False,1999,57,0.664,0.396,5,-9.131,0,0.0298,0.52,0.0,0.268,0.453,102.053,1.0,0.0,0.0,0.0
49,229173,False,2001,42,0.721,0.79,1,-4.125,1,0.124,0.183,0.0,0.1,0.821,103.141,1.0,0.0,0.0,0.0
645,199314,False,2015,55,0.336,0.664,7,-5.68,1,0.102,0.166,1.31e-06,0.0575,0.294,186.394,1.0,0.0,0.0,0.0
550,210840,False,2013,79,0.504,0.785,8,-4.802,1,0.104,0.0738,0.0,0.239,0.502,173.968,1.0,0.0,0.0,0.0
232,211080,True,2007,62,0.803,0.851,7,-2.429,1,0.0357,0.00485,0.000358,0.0577,0.881,113.996,1.0,0.0,0.0,0.0
615,198306,False,2014,64,0.65,0.786,9,-5.488,1,0.0463,0.019,0.0,0.323,0.446,124.96,1.0,0.0,0.0,0.0
172,230013,False,2002,62,0.734,0.848,1,-5.285,0,0.0309,0.00312,1.16e-05,0.313,0.863,117.31,1.0,0.0,0.0,0.0
503,197440,False,2011,62,0.66,0.797,5,-6.096,0,0.0262,0.00646,0.000108,0.187,0.674,110.955,1.0,0.0,0.0,0.0
673,212000,False,2017,61,0.763,0.72,9,-5.181,0,0.0691,0.00261,1.11e-05,0.114,0.592,116.01,1.0,0.0,0.0,0.0
303,204173,False,2004,62,0.598,0.4,6,-10.054,1,0.0241,0.459,0.0,0.151,0.369,96.938,1.0,0.0,0.0,0.0
544,228133,False,2014,79,0.536,0.768,10,-5.948,0,0.0347,0.00433,0.0,0.114,0.545,77.217,1.0,0.0,0.0,0.0
0,212106,False,2007,64,0.769,0.638,11,-5.054,1,0.216,0.0902,0.0,0.0857,0.782,115.007,1.0,0.0,0.0,0.0
268,252466,False,2003,55,0.562,0.219,4,-13.2,1,0.0312,0.856,0.000296,0.0979,0.106,127.831,1.0,0.0,0.0,0.0
412,257386,False,2014,62,0.663,0.705,1,-4.972,0,0.0385,0.0654,0.0,0.117,0.477,122.014,1.0,0.0,0.0,0.0
0,196053,False,2007,61,0.712,0.911,5,-3.866,0,0.0445,0.689,8.02e-06,0.107,0.85,117.533,1.0,0.0,0.0,0.0
678,186986,False,2018,80,0.697,0.683,1,-2.881,0,0.117,0.0372,0.0,0.137,0.603,96.133,1.0,0.0,0.0,0.0
698,160097,False,2016,0,0.664,0.576,5,-6.429,1,0.0286,0.63,0.000198,0.0902,0.621,76.026,1.0,0.0,0.0,0.0
35,229826,False,2001,61,0.478,0.736,7,-7.124,1,0.0367,0.02,9.58e-05,0.118,0.564,144.705,1.0,0.0,0.0,0.0
483,252534,False,2015,78,0.262,0.606,8,-6.646,1,0.0484,0.247,0.0,0.125,0.275,189.857,1.0,0.0,0.0,0.0
245,223000,False,2004,67,0.826,0.647,5,-6.306,0,0.0491,0.0277,1.52e-06,0.298,0.872,102.017,1.0,0.0,0.0,0.0
173,242733,True,2006,78,0.967,0.583,7,-5.562,0,0.0789,0.0584,0.0,0.0519,0.964,117.0,1.0,0.0,0.0,0.0
549,245186,False,2013,64,0.389,0.706,1,-6.849,1,0.0593,0.0026,0.000182,0.686,0.238,179.911,1.0,0.0,0.0,0.0
393,202066,False,2009,79,0.652,0.698,10,-4.667,0,0.042,0.00112,0.000115,0.0886,0.47,96.021,1.0,0.0,0.0,0.0
54,230733,True,2012,71,0.457,0.823,9,-4.76,1,0.311,0.00144,0.0,0.108,0.578,192.205,1.0,0.0,0.0,0.0
75,219093,False,2001,60,0.558,0.481,8,-9.487,1,0.026,0.315,8.83e-06,0.09,0.631,144.673,1.0,0.0,0.0,0.0
628,177560,False,2014,65,0.654,0.832,7,-4.164,0,0.0293,0.0126,0.0901,0.102,0.407,123.002,1.0,0.0,0.0,0.0
82,188866,False,2009,68,0.865,0.69,7,-7.448,1,0.0443,0.285,0.0162,0.225,0.867,121.983,1.0,0.0,0.0,0.0
426,293026,False,2010,65,0.529,0.67,2,-4.663,1,0.0303,0.117,0.0,0.334,0.286,141.893,1.0,0.0,0.0,0.0
241,238493,False,2004,28,0.878,0.699,10,-5.897,0,0.132,0.0345,3.37e-06,0.755,0.666,104.838,1.0,0.0,0.0,0.0
544,199986,False,2012,82,0.726,0.787,4,-2.494,1,0.0737,0.009,0.0,0.0596,0.888,124.99,1.0,0.0,0.0,0.0
179,233600,False,2002,63,0.571,0.953,8,-5.601,1,0.0548,0.0011,0.000606,0.226,0.601,137.965,1.0,0.0,0.0,0.0
590,209160,False,2014,74,0.733,0.65,5,-3.539,1,0.0315,0.0703,6.59e-05,0.0829,0.348,110.003,1.0,0.0,0.0,0.0
519,197577,False,2011,60,0.597,0.115,9,-9.217,1,0.0334,0.82,0.000215,0.111,0.128,111.202,1.0,0.0,0.0,0.0
641,207746,True,2015,72,0.712,0.564,8,-6.527,1,0.047,0.0266,0.0,0.0874,0.411,95.95,1.0,0.0,0.0,0.0
713,232549,False,2017,74,0.814,0.813,2,-3.023,0,0.0561,0.03,9.33e-05,0.255,0.839,79.997,1.0,0.0,0.0,0.0
426,232120,False,2012,68,0.661,0.729,7,-6.561,1,0.0376,0.00215,0.0013,0.0477,0.668,103.987,1.0,0.0,0.0,0.0
30,287906,False,2008,57,0.837,0.954,8,-3.512,0,0.0414,0.0933,0.000405,0.143,0.972,127.019,1.0,0.0,0.0,0.0
495,195105,False,2011,0,0.726,0.931,11,-4.152,0,0.0468,0.0218,0.000283,0.143,0.797,126.976,1.0,0.0,0.0,0.0
351,232533,False,2005,78,0.656,0.291,2,-10.572,1,0.0293,0.872,0.0,0.114,0.298,103.971,1.0,0.0,0.0,0.0
226,281560,False,2009,56,0.209,0.872,9,-2.996,1,0.0757,0.217,0.0,0.0768,0.294,78.139,1.0,0.0,0.0,0.0
93,222400,False,2003,48,0.6,0.736,7,-6.228,1,0.0329,0.325,0.0,0.137,0.848,158.108,1.0,0.0,0.0,0.0
706,203000,False,2017,0,0.645,0.741,5,-4.989,0,0.0339,0.0323,0.0,0.29,0.534,123.07,1.0,0.0,0.0,0.0
685,219146,True,2016,79,0.774,0.753,4,-5.446,0,0.0517,0.152,0.0,0.0371,0.896,119.002,1.0,0.0,0.0,0.0
232,231173,True,2012,82,0.743,0.752,4,-4.813,1,0.0414,0.0188,0.0,0.287,0.545,110.015,1.0,0.0,0.0,0.0
188,232560,True,2016,67,0.775,0.598,2,-7.274,1,0.0535,0.00175,4.44e-06,0.253,0.356,129.988,1.0,0.0,0.0,0.0
49,257360,False,1999,59,0.348,0.532,10,-5.882,1,0.0331,0.592,0.0,0.106,0.148,129.297,1.0,0.0,0.0,0.0
700,226973,False,2018,74,0.637,0.713,0,-4.333,1,0.0747,0.181,0.000637,0.137,0.243,129.923,1.0,0.0,0.0,0.0
232,231013,False,2014,79,0.279,0.742,4,-6.46,0,0.0898,0.000185,0.0,0.593,0.328,189.868,1.0,0.0,0.0,0.0
183,238173,False,2002,56,0.338,0.685,1,-5.178,1,0.0322,0.00052,0.000512,0.109,0.221,102.192,1.0,0.0,0.0,0.0
442,195613,False,2011,76,0.682,0.927,4,-2.915,1,0.0479,0.0843,0.0,0.149,0.744,101.019,1.0,0.0,0.0,0.0
56,298853,False,2002,68,0.64,0.889,2,-3.073,1,0.322,0.107,0.0,0.339,0.436,99.931,1.0,0.0,0.0,0.0
766,186231,False,2018,56,0.747,0.641,1,-4.502,1,0.0925,0.25,0.00107,0.106,0.453,100.028,1.0,0.0,0.0,0.0
346,256613,False,2009,67,0.23,0.492,8,-5.767,1,0.0317,0.568,8.18e-06,0.176,0.262,160.139,1.0,0.0,0.0,0.0
54,208493,False,2006,0,0.688,0.734,9,-4.569,1,0.0274,0.00462,0.0,0.0756,0.46,140.004,1.0,0.0,0.0,0.0
241,240746,False,2008,69,0.83,0.857,8,-4.194,0,0.152,0.262,0.0,0.413,0.607,137.982,1.0,0.0,0.0,0.0
244,157432,False,2008,65,0.605,0.874,7,-4.949,0,0.0295,0.000563,0.812,0.112,0.836,125.99,1.0,0.0,0.0,0.0
47,280626,False,2000,60,0.63,0.95,1,-4.012,1,0.0806,0.000915,6.51e-06,0.373,0.858,143.866,1.0,0.0,0.0,0.0
712,198853,False,2017,80,0.618,0.443,2,-9.681,1,0.0526,0.469,0.0,0.0829,0.167,119.949,1.0,0.0,0.0,0.0
449,171333,False,2012,63,0.717,0.55,10,-6.019,0,0.0519,0.0358,0.00198,0.126,0.331,96.979,1.0,0.0,0.0,0.0
78,296693,False,2000,65,0.725,0.487,8,-5.959,0,0.0368,0.26,1.09e-05,0.431,0.599,136.086,1.0,0.0,0.0,0.0
153,236426,False,2002,59,0.74,0.845,6,-3.802,0,0.0338,0.00287,6.23e-06,0.115,0.749,126.607,1.0,0.0,0.0,0.0
590,238426,True,2014,66,0.736,0.761,4,-5.449,0,0.0338,0.0966,0.0,0.0823,0.114,119.999,1.0,0.0,0.0,0.0
43,236906,False,2000,59,0.772,0.688,1,-4.715,0,0.0405,0.0548,9.79e-05,0.0725,0.348,98.0,1.0,0.0,0.0,0.0
336,223533,False,2019,30,0.451,0.682,2,-5.295,0,0.029,0.205,0.0,0.175,0.254,139.913,1.0,0.0,0.0,0.0
617,185200,False,2014,75,0.5,0.292,0,-8.554,1,0.0323,0.746,0.0,0.188,0.37,145.879,1.0,0.0,0.0,0.0
0,198600,False,2001,61,0.682,0.894,0,-1.73,0,0.0727,0.0381,0.0,0.416,0.845,95.992,1.0,0.0,0.0,0.0
757,221653,False,2018,1,0.777,0.779,0,-4.449,0,0.0972,0.0543,0.0,0.636,0.768,94.023,1.0,0.0,0.0,0.0
393,168213,False,2010,0,0.63,0.91,11,-2.919,0,0.144,0.0287,0.0,0.196,0.743,116.98,1.0,0.0,0.0,0.0
449,205680,False,2015,77,0.845,0.567,5,-8.118,0,0.0956,0.59,0.00142,0.0811,0.793,125.02,1.0,0.0,0.0,0.0
104,218360,False,1999,73,0.725,0.583,1,-9.942,0,0.0427,0.3,0.000238,0.0665,0.762,79.984,1.0,0.0,0.0,0.0
132,254493,False,2002,58,0.412,0.77,11,-6.057,0,0.18,0.462,1.5e-06,0.0485,0.418,101.955,1.0,0.0,0.0,0.0
778,189052,False,2019,1,0.738,0.861,2,-4.141,1,0.237,0.318,0.00182,0.325,0.58,131.98,1.0,0.0,0.0,0.0
324,241306,True,2006,57,0.769,0.609,1,-5.894,1,0.357,0.216,0.0,0.166,0.633,90.951,1.0,0.0,0.0,0.0
168,318213,True,2002,47,0.64,0.59,7,-7.442,1,0.32,0.252,0.0,0.665,0.519,83.133,1.0,0.0,0.0,0.0
54,247906,False,2012,76,0.674,0.628,2,-7.079,1,0.03,0.00144,0.0,0.0944,0.552,103.998,1.0,0.0,0.0,0.0
505,195373,False,2010,78,0.684,0.607,11,-8.127,0,0.1,0.0267,0.000307,0.191,0.498,81.001,1.0,0.0,0.0,0.0
2,222120,False,2001,60,0.321,0.511,8,-7.77,1,0.0306,0.513,0.0,0.127,0.17,128.98,1.0,0.0,0.0,0.0
770,229412,False,2018,70,0.442,0.585,0,-10.332,0,0.0964,0.0984,0.391,0.14,0.116,97.565,1.0,0.0,0.0,0.0
274,217440,False,2004,56,0.505,0.799,2,-4.286,1,0.0773,0.0572,0.0,0.11,0.772,174.001,1.0,0.0,0.0,0.0
119,206093,False,2002,65,0.783,0.649,7,-4.127,1,0.0322,0.0209,0.00482,0.067,0.665,103.997,1.0,0.0,0.0,0.0
231,214733,False,2003,55,0.641,0.445,6,-8.674,1,0.0368,0.145,0.0,0.108,0.383,81.931,1.0,0.0,0.0,0.0
499,206373,False,2012,59,0.512,0.828,11,-4.672,0,0.0454,0.00627,8.73e-06,0.119,0.34,124.021,1.0,0.0,0.0,0.0
602,193733,False,2014,77,0.545,0.783,5,-4.261,0,0.0345,0.00489,0.0,0.132,0.551,174.084,1.0,0.0,0.0,0.0
0,237946,False,2011,65,0.693,0.705,8,-5.747,1,0.0665,0.0228,0.0,0.202,0.45,131.951,1.0,0.0,0.0,0.0
64,259773,False,2001,59,0.574,0.691,6,-5.103,1,0.035,0.0826,1.65e-05,0.149,0.195,91.969,1.0,0.0,0.0,0.0
139,262773,False,2019,30,0.68,0.644,0,-4.507,1,0.0258,0.084,0.0,0.549,0.484,116.097,1.0,0.0,0.0,0.0
280,168879,False,2005,67,0.86,0.907,2,-3.321,1,0.0407,0.279,0.693,0.0648,0.786,138.045,1.0,0.0,0.0,0.0
561,176117,False,2013,0,0.593,0.914,1,-5.351,1,0.0363,0.00137,0.445,0.0714,0.0381,128.015,1.0,0.0,0.0,0.0
173,267266,False,2002,76,0.892,0.714,4,-6.055,0,0.141,0.201,0.000234,0.0521,0.817,100.972,1.0,0.0,0.0,0.0
385,204285,False,2013,60,0.69,0.636,9,-6.028,0,0.0457,0.0203,0.0,0.147,0.8,96.0,1.0,0.0,0.0,0.0
36,263506,False,2003,56,0.755,0.381,8,-6.696,0,0.0711,0.291,5.13e-06,0.0974,0.695,73.108,1.0,0.0,0.0,0.0
76,274800,False,1999,64,0.41,0.539,0,-8.412,1,0.0302,0.00425,0.00089,0.117,0.141,138.852,1.0,0.0,0.0,0.0
483,213445,False,2015,0,0.699,0.688,2,-6.607,0,0.0522,0.264,4.11e-06,0.0863,0.742,154.943,1.0,0.0,0.0,0.0
601,226738,False,2015,73,0.713,0.802,4,-7.055,1,0.0561,0.0435,0.00377,0.309,0.343,100.001,1.0,0.0,0.0,0.0
655,208733,False,2017,0,0.561,0.674,4,-4.882,0,0.0818,0.118,0.0,0.111,0.383,148.127,1.0,0.0,0.0,0.0
144,214080,True,2013,0,0.483,0.871,0,-3.084,1,0.101,0.015,0.0,0.415,0.716,164.986,1.0,0.0,0.0,0.0
56,203333,False,1999,64,0.829,0.915,8,-3.205,1,0.106,0.226,1.25e-05,0.246,0.779,118.903,1.0,0.0,0.0,0.0
463,182333,False,2012,58,0.524,0.972,4,-1.569,0,0.0431,0.00656,0.00058,0.224,0.476,175.017,1.0,0.0,0.0,0.0
43,209533,False,2003,48,0.831,0.695,4,-6.491,1,0.109,0.194,1.24e-05,0.309,0.722,132.817,1.0,0.0,0.0,0.0
627,219043,False,2015,76,0.636,0.815,5,-5.098,0,0.0581,0.0185,0.0,0.163,0.636,123.063,1.0,0.0,0.0,0.0
76,316733,False,1999,69,0.459,0.83,2,-6.254,1,0.0364,5.15e-05,0.00014,0.206,0.431,155.827,1.0,0.0,0.0,0.0
49,242200,False,2009,66,0.742,0.468,10,-5.557,0,0.0625,0.0465,0.0,0.826,0.369,86.443,1.0,0.0,0.0,0.0
583,205920,False,2018,77,0.699,0.713,9,-5.507,0,0.0594,0.04,3.11e-06,0.294,0.354,121.993,1.0,0.0,0.0,0.0
557,166933,False,2013,1,0.801,0.985,7,-2.69,1,0.0645,0.0205,6.86e-06,0.296,0.722,127.99,1.0,0.0,0.0,0.0
590,238426,True,2014,66,0.736,0.761,4,-5.449,0,0.0338,0.0966,0.0,0.0823,0.114,119.999,1.0,0.0,0.0,0.0
421,175093,False,2008,68,0.667,0.954,2,-3.462,1,0.0817,0.0296,0.0,0.331,0.807,114.03,1.0,0.0,0.0,0.0
586,201000,False,2017,79,0.681,0.372,5,-8.237,1,0.0432,0.64,0.0,0.169,0.476,91.873,1.0,0.0,0.0,0.0
624,213520,False,2015,79,0.705,0.769,9,-5.526,0,0.0425,0.113,0.0,0.105,0.583,107.949,1.0,0.0,0.0,0.0
385,179640,False,2008,73,0.699,0.76,5,-3.173,1,0.0677,0.00223,0.0,0.132,0.696,129.996,1.0,0.0,0.0,0.0
682,183414,False,2016,70,0.632,0.575,5,-6.478,1,0.029,0.0225,1.81e-06,0.104,0.188,90.037,1.0,0.0,0.0,0.0
173,276160,False,2006,72,0.771,0.68,11,-5.881,0,0.224,0.277,1.18e-05,0.682,0.808,119.952,1.0,0.0,0.0,0.0
481,220682,False,2013,61,0.704,0.68,7,-4.751,1,0.0581,0.0059,0.0,0.213,0.689,123.973,1.0,0.0,0.0,0.0
489,236440,False,2010,73,0.581,0.717,4,-4.433,1,0.0318,0.0298,0.000186,0.243,0.316,107.884,1.0,0.0,0.0,0.0
455,189109,False,2010,75,0.794,0.711,8,-5.124,0,0.0699,0.3,0.0,0.0955,0.955,174.915,1.0,0.0,0.0,0.0
173,326280,True,2013,67,0.795,0.596,11,-3.799,0,0.219,0.103,0.0,0.164,0.357,101.985,1.0,0.0,0.0,0.0
205,220360,False,2003,60,0.658,0.826,8,-6.031,1,0.0346,0.00189,0.00275,0.0492,0.795,134.465,1.0,0.0,0.0,0.0
385,229573,False,2012,65,0.62,0.869,1,-5.252,1,0.175,0.0181,0.0,0.369,0.76,151.684,1.0,0.0,0.0,0.0
565,229080,False,2015,69,0.672,0.593,11,-4.01,0,0.0304,0.0223,0.0,0.214,0.438,98.02,1.0,0.0,0.0,0.0
267,185133,False,2004,61,0.739,0.999,7,-5.077,1,0.0803,0.13,0.00224,0.28,0.501,139.982,1.0,0.0,0.0,0.0
575,214205,False,2013,61,0.67,0.829,5,-7.2,0,0.0427,0.0192,0.000225,0.089,0.349,125.01,1.0,0.0,0.0,0.0
362,215173,False,2016,45,0.45,0.921,10,-3.476,0,0.0538,0.0467,0.0,0.311,0.413,145.959,1.0,0.0,0.0,0.0
424,216333,False,2008,69,0.894,0.678,6,-5.611,0,0.0523,0.00569,2.43e-06,0.317,0.844,105.024,1.0,0.0,0.0,0.0
655,187973,False,2017,82,0.444,0.819,10,-4.078,0,0.341,0.106,0.0,0.107,0.747,82.695,1.0,0.0,0.0,0.0
54,215413,False,2016,68,0.632,0.702,7,-5.92,1,0.148,0.0114,0.0,0.108,0.523,162.958,1.0,0.0,0.0,0.0
301,219600,False,2006,1,0.286,0.508,2,-5.966,1,0.0336,0.372,0.0,0.27,0.14,68.637,1.0,0.0,0.0,0.0
793,183026,False,2019,4,0.682,0.656,6,-4.67,1,0.0435,0.0737,0.0,0.353,0.607,130.089,1.0,0.0,0.0,0.0
793,187436,False,2018,7,0.719,0.704,1,-4.724,1,0.0476,0.0691,0.0,0.166,0.628,133.002,1.0,0.0,0.0,0.0
350,219413,False,2007,0,0.698,0.844,1,-4.789,1,0.0544,0.00253,0.000426,0.124,0.896,105.828,1.0,0.0,0.0,0.0
550,214746,True,2015,0,0.586,0.613,5,-5.593,0,0.0386,0.00441,0.000183,0.0853,0.319,114.101,1.0,0.0,0.0,0.0
111,295400,False,2001,65,0.878,0.724,10,-5.373,0,0.129,0.168,0.0116,0.133,0.904,121.906,1.0,0.0,0.0,0.0
660,212424,False,2015,67,0.644,0.57,9,-6.994,1,0.052,0.484,0.0,0.299,0.527,113.945,1.0,0.0,0.0,0.0
226,219493,False,2004,71,0.587,0.583,5,-5.284,0,0.0313,0.248,0.0,0.124,0.15,139.92,1.0,0.0,0.0,0.0
328,257293,False,2007,57,0.261,0.562,8,-3.667,1,0.0301,0.423,7.54e-06,0.131,0.167,70.543,1.0,0.0,0.0,0.0
93,210066,False,2004,57,0.564,0.6,7,-6.814,0,0.0305,0.183,2.19e-06,0.38,0.442,78.955,1.0,0.0,0.0,0.0
278,272080,False,2005,72,0.875,0.631,1,-3.475,1,0.099,0.00542,2.54e-06,0.127,0.549,120.003,1.0,0.0,0.0,0.0
385,227893,False,2010,72,0.638,0.832,8,-5.039,1,0.049,0.141,0.0,0.113,0.648,124.071,1.0,0.0,0.0,0.0
645,201493,False,2016,69,0.332,0.635,7,-5.653,1,0.0898,0.159,2.79e-06,0.0599,0.261,186.249,1.0,0.0,0.0,0.0
714,186026,False,2017,62,0.905,0.884,0,-4.076,1,0.236,0.111,8.31e-05,0.107,0.588,135.048,1.0,0.0,0.0,0.0
426,231000,False,2014,61,0.588,0.791,7,-5.595,1,0.0402,0.00245,0.00258,0.118,0.487,94.933,1.0,0.0,0.0,0.0
677,193253,False,2016,64,0.636,0.836,8,-3.004,1,0.0427,0.00609,0.000157,0.0828,0.715,139.956,1.0,0.0,0.0,0.0
547,255631,False,2013,74,0.503,0.727,1,-5.456,1,0.167,0.0159,9.45e-05,0.0895,0.521,121.985,1.0,0.0,0.0,0.0
660,212424,False,2015,1,0.459,0.587,9,-6.983,1,0.0785,0.453,0.0,0.307,0.581,113.901,1.0,0.0,0.0,0.0
188,244826,False,2003,63,0.655,0.488,1,-9.17,1,0.22,0.0825,1.16e-06,0.221,0.791,91.025,1.0,0.0,0.0,0.0
701,180933,False,2017,84,0.614,0.318,7,-12.695,1,0.0478,0.896,0.00239,0.0795,0.112,119.959,1.0,0.0,0.0,0.0
42,201946,False,2018,43,0.729,0.632,0,-8.75,0,0.0279,0.191,0.0,0.166,0.774,109.981,1.0,0.0,0.0,0.0
412,201256,False,2017,64,0.401,0.872,1,-3.641,0,0.314,0.167,0.0,0.362,0.472,104.592,1.0,0.0,0.0,0.0
609,161746,False,2019,63,0.716,0.823,5,-5.313,0,0.0495,0.132,0.0,0.361,0.91,151.957,1.0,0.0,0.0,0.0
784,202333,True,2019,57,0.786,0.658,0,-2.61,1,0.0661,0.0856,0.0,0.0689,0.458,170.037,1.0,0.0,0.0,0.0
188,208600,False,2003,63,0.735,0.466,6,-8.65,0,0.0857,0.239,6.24e-06,0.102,0.643,99.973,1.0,0.0,0.0,0.0
70,241066,False,2005,1,0.129,0.358,10,-6.596,1,0.0314,0.631,0.0,0.0886,0.172,75.048,1.0,0.0,0.0,0.0
173,236001,False,2016,76,0.666,0.83,0,-5.715,1,0.0751,0.0123,0.0,0.191,0.702,113.03,1.0,0.0,0.0,0.0
574,252106,False,2013,48,0.474,0.707,7,-4.534,1,0.0253,0.0831,0.0,0.162,0.224,83.235,1.0,0.0,0.0,0.0
385,230746,False,2012,74,0.649,0.815,3,-3.796,0,0.0415,0.00125,4.31e-05,0.671,0.765,126.03,1.0,0.0,0.0,0.0
616,222653,False,2018,71,0.737,0.636,11,-4.546,0,0.0437,0.0441,6.66e-05,0.35,0.565,105.005,1.0,0.0,0.0,0.0
538,202533,False,2012,78,0.421,0.873,10,-4.343,1,0.0564,0.0654,0.0,0.123,0.629,84.786,1.0,0.0,0.0,0.0
268,197160,False,2005,60,0.534,0.247,0,-15.636,1,0.0322,0.516,0.00859,0.122,0.344,82.168,1.0,0.0,0.0,0.0
188,249146,False,2008,66,0.632,0.518,6,-6.126,1,0.0313,0.107,0.0,0.354,0.427,90.007,1.0,0.0,0.0,0.0
660,196613,False,2016,0,0.742,0.819,1,-5.307,1,0.0487,0.372,0.0,0.277,0.709,117.986,1.0,0.0,0.0,0.0
333,207120,True,2009,53,0.661,0.847,10,-6.948,1,0.0404,0.419,8.82e-05,0.107,0.522,134.002,1.0,0.0,0.0,0.0
188,193213,False,2008,67,0.426,0.584,1,-5.293,1,0.296,0.0383,0.0,0.188,0.272,193.437,1.0,0.0,0.0,0.0
143,216360,False,2000,61,0.537,0.858,1,-4.903,1,0.0349,0.000966,0.0,0.0812,0.502,124.599,1.0,0.0,0.0,0.0
426,208186,False,2017,73,0.613,0.764,2,-6.509,1,0.136,0.0527,0.0,0.197,0.417,160.015,1.0,0.0,0.0,0.0
579,266600,False,2012,79,0.457,0.757,1,-5.177,1,0.032,0.0206,0.0,0.146,0.417,102.961,1.0,0.0,0.0,0.0
176,366733,False,2003,61,0.264,0.663,9,-8.264,1,0.187,0.59,0.00443,0.342,0.249,167.078,1.0,0.0,0.0,0.0
4,292000,False,2001,45,0.699,0.403,11,-8.564,0,0.0614,0.421,0.0,0.126,0.5,113.922,1.0,0.0,0.0,0.0
796,209438,False,2019,78,0.824,0.588,6,-6.4,0,0.0924,0.692,0.000104,0.149,0.513,98.027,1.0,0.0,0.0,0.0
423,223266,False,2011,0,0.612,0.748,0,-5.014,1,0.0445,0.617,0.0,0.167,0.574,120.052,1.0,0.0,0.0,0.0
128,257026,False,2002,58,0.688,0.538,10,-7.608,1,0.0292,0.504,0.0,0.111,0.27,119.998,1.0,0.0,0.0,0.0
0,216520,False,2008,69,0.717,0.587,4,-7.296,0,0.0339,0.0192,0.0,0.0523,0.544,129.954,1.0,0.0,0.0,0.0
570,259102,False,2011,2,0.825,0.435,1,-9.582,1,0.0568,0.452,0.609,0.0953,0.243,119.038,1.0,0.0,0.0,0.0
320,190000,False,2006,40,0.678,0.768,7,-8.502,1,0.137,0.0195,0.00866,0.0322,0.758,127.51,1.0,0.0,0.0,0.0
94,194026,False,2001,43,0.657,0.965,8,-2.771,0,0.0556,0.0285,8.84e-05,0.0552,0.669,93.013,1.0,0.0,0.0,0.0
8,230200,False,1999,70,0.771,0.685,1,-4.639,1,0.0567,0.00543,0.00157,0.0537,0.683,88.997,1.0,0.0,0.0,0.0
701,200185,False,2018,86,0.351,0.296,4,-10.109,0,0.0333,0.934,0.0,0.095,0.12,115.284,1.0,0.0,0.0,0.0
7,276603,False,2005,58,0.666,0.922,2,-4.458,0,0.0429,0.0381,0.000191,0.0633,0.828,118.014,1.0,0.0,0.0,0.0
457,187133,False,2010,69,0.826,0.612,1,-3.891,1,0.0982,0.00681,0.0,0.0889,0.756,120.057,1.0,0.0,0.0,0.0
416,219920,False,2008,69,0.793,0.859,0,-3.774,1,0.0332,0.266,0.000356,0.133,0.964,129.911,1.0,0.0,0.0,0.0
655,190799,False,2019,78,0.759,0.548,9,-6.049,0,0.029,0.0392,0.0,0.0828,0.749,116.967,1.0,0.0,0.0,0.0
333,201213,True,2009,54,0.719,0.861,5,-6.982,1,0.0402,0.0447,0.00989,0.219,0.948,121.491,1.0,0.0,0.0,0.0
426,236266,False,2008,74,0.617,0.741,2,-3.97,1,0.0311,0.131,0.0,0.0772,0.306,118.984,1.0,0.0,0.0,0.0
565,217906,False,2015,64,0.757,0.884,10,-5.488,0,0.0404,0.00795,5.87e-05,0.0973,0.398,120.012,1.0,0.0,0.0,0.0
527,255093,False,2013,2,0.545,0.78,7,-4.867,0,0.0436,0.0309,4.64e-05,0.0828,0.458,125.014,1.0,0.0,0.0,0.0
779,152913,False,2019,75,0.677,0.744,10,-6.806,0,0.0295,0.0404,0.00016,0.074,0.631,124.08,1.0,0.0,0.0,0.0
745,184153,False,2018,82,0.566,0.366,7,-12.808,1,0.028,0.113,0.181,0.155,0.237,129.959,1.0,0.0,0.0,0.0
679,200853,False,2018,72,0.845,0.561,1,-5.253,0,0.0778,0.211,3.49e-06,0.0383,0.811,109.974,1.0,0.0,0.0,0.0
625,211975,False,2015,66,0.699,0.883,5,-3.226,0,0.219,0.0288,0.0,0.817,0.499,127.961,1.0,0.0,0.0,0.0
547,277687,False,2013,54,0.665,0.844,10,-6.164,0,0.0501,0.00963,0.000215,0.311,0.902,119.978,1.0,0.0,0.0,0.0
419,250106,False,2008,60,0.707,0.724,11,-3.887,0,0.051,0.0448,0.0,0.072,0.659,108.984,1.0,0.0,0.0,0.0
589,187920,True,2015,72,0.807,0.887,9,-3.726,1,0.0503,0.0573,2.87e-06,0.124,0.961,134.052,1.0,0.0,0.0,0.0
21,240866,False,2000,62,0.634,0.677,5,-7.278,0,0.0304,0.0117,0.00103,0.126,0.558,135.012,1.0,0.0,0.0,0.0
525,221493,False,2012,50,0.69,0.897,11,-4.696,0,0.0506,0.0142,0.0,0.108,0.849,140.05,1.0,0.0,0.0,0.0
54,298960,False,2000,52,0.742,0.732,2,-6.046,0,0.0311,0.0424,0.00446,0.101,0.694,97.922,1.0,0.0,0.0,0.0
278,207506,False,2005,67,0.548,0.554,9,-6.408,1,0.0587,0.283,0.0,0.0708,0.382,79.918,1.0,0.0,0.0,0.0
424,237200,False,2008,77,0.851,0.806,4,-4.62,1,0.0787,0.118,1.64e-06,0.121,0.787,118.999,1.0,0.0,0.0,0.0
393,190453,False,2007,0,0.692,0.911,9,-5.098,0,0.177,0.0149,7.34e-05,0.112,0.801,138.975,1.0,0.0,0.0,0.0
188,227853,False,2007,70,0.447,0.694,7,-4.637,0,0.382,0.0293,5.46e-06,0.167,0.509,175.868,1.0,0.0,0.0,0.0
235,215431,False,2004,56,0.809,0.965,0,-3.947,1,0.0427,0.177,0.0,0.0577,0.672,130.103,1.0,0.0,0.0,0.0
232,201493,False,2010,77,0.722,0.761,11,-4.459,0,0.0475,0.0117,0.0,0.315,0.624,128.044,1.0,0.0,0.0,0.0
496,281106,False,2011,51,0.786,0.709,9,-5.737,0,0.0395,0.0192,0.00118,0.0845,0.285,122.019,1.0,0.0,0.0,0.0
689,239000,False,2017,77,0.259,0.437,11,-6.589,0,0.0386,0.102,1.32e-06,0.106,0.0951,180.042,1.0,0.0,0.0,0.0
632,214480,False,2016,75,0.803,0.585,8,-5.861,1,0.0432,0.103,3.94e-06,0.0644,0.593,105.017,1.0,0.0,0.0,0.0
412,224226,False,2014,59,0.719,0.935,7,-3.752,1,0.0589,0.167,0.0,0.0973,0.738,120.022,1.0,0.0,0.0,0.0
88,222435,False,2015,53,0.645,0.903,5,-10.587,0,0.0441,0.00188,0.799,0.147,0.61,135.977,1.0,0.0,0.0,0.0
545,257573,True,2015,67,0.536,0.486,11,-11.067,0,0.0346,0.244,0.00788,0.12,0.0968,131.988,1.0,0.0,0.0,0.0
350,269666,True,2015,82,0.856,0.609,0,-7.223,1,0.0824,0.00801,8.15e-05,0.0344,0.928,114.988,1.0,0.0,0.0,0.0
420,284186,False,2008,55,0.622,0.882,9,-5.59,0,0.119,0.0912,0.0,0.216,0.762,77.506,1.0,0.0,0.0,0.0
424,320546,False,2011,67,0.583,0.768,9,-6.477,1,0.041,0.000323,0.0162,0.109,0.357,127.952,1.0,0.0,0.0,0.0
544,230333,False,2015,77,0.647,0.823,2,-5.231,1,0.0762,0.0598,0.0,0.119,0.396,99.933,1.0,0.0,0.0,0.0
583,244453,False,2016,3,0.623,0.734,9,-5.948,1,0.107,0.0162,1.75e-06,0.145,0.37,107.853,1.0,0.0,0.0,0.0
606,251986,False,2014,64,0.838,0.72,7,-4.135,0,0.0483,0.0862,0.00696,0.0772,0.203,122.993,1.0,0.0,0.0,0.0
676,181823,False,2019,73,0.659,0.625,4,-2.253,1,0.045,0.0644,0.0,0.582,0.442,88.042,1.0,0.0,0.0,0.0
8,221133,False,2001,65,0.73,0.602,6,-3.782,0,0.206,0.362,3.69e-06,0.169,0.927,97.954,1.0,0.0,0.0,0.0
278,218400,False,2008,64,0.756,0.612,5,-4.371,1,0.0317,0.0659,0.0,0.274,0.452,111.572,1.0,0.0,0.0,0.0
436,223253,False,2009,65,0.739,0.741,7,-5.873,1,0.0912,0.013,0.0,0.0679,0.727,122.988,1.0,0.0,0.0,0.0
123,207400,False,2004,46,0.795,0.919,9,-3.07,0,0.0835,0.37,0.00863,0.189,0.96,134.079,1.0,0.0,0.0,0.0
780,169813,False,2019,0,0.631,0.803,0,-2.974,0,0.155,0.675,0.0,0.11,0.62,198.065,1.0,0.0,0.0,0.0
518,285120,False,2011,70,0.421,0.407,10,-7.445,1,0.0267,0.309,0.000961,0.11,0.161,139.028,1.0,0.0,0.0,0.0
328,314720,False,2007,62,0.285,0.462,5,-6.166,0,0.0291,0.428,5.61e-06,0.122,0.0923,142.365,1.0,0.0,0.0,0.0
317,192213,False,2006,73,0.803,0.454,8,-4.802,0,0.0294,0.352,0.0,0.0655,0.739,99.99,1.0,0.0,0.0,0.0
290,226640,False,2005,56,0.551,0.896,9,-3.152,0,0.109,0.033,0.0,0.0899,0.858,171.79,1.0,0.0,0.0,0.0
412,224693,False,2009,74,0.516,0.764,2,-6.223,1,0.0366,0.0717,0.0,0.115,0.376,148.021,1.0,0.0,0.0,0.0
482,205200,False,2010,18,0.689,0.615,8,-5.022,0,0.0563,0.352,0.0,0.0789,0.783,134.036,1.0,0.0,0.0,0.0
575,214147,False,2013,74,0.679,0.715,9,-6.383,1,0.0407,0.0755,0.0,0.271,0.571,127.435,1.0,0.0,0.0,0.0
49,201400,False,2005,69,0.84,0.476,0,-7.918,1,0.0629,0.0264,0.0,0.0865,0.767,139.987,1.0,0.0,0.0,0.0
589,213506,False,2017,69,0.557,0.803,1,-3.599,0,0.213,0.0124,1.61e-06,0.737,0.657,92.134,1.0,0.0,0.0,0.0
565,221560,True,2015,0,0.6,0.676,5,-6.447,0,0.0652,0.154,0.0,0.0741,0.217,88.928,1.0,0.0,0.0,0.0
297,217706,False,2005,58,0.49,0.956,1,-4.556,0,0.0407,0.00466,6.15e-06,0.242,0.577,160.028,0.0,1.0,0.0,0.0
521,250626,False,2012,76,0.378,0.638,10,-5.576,1,0.075,0.02,7.66e-05,0.0849,0.735,184.086,0.0,1.0,0.0,0.0
177,278719,False,2011,82,0.449,0.585,5,-6.761,1,0.0268,0.0509,8.75e-05,0.0833,0.212,139.631,0.0,1.0,0.0,0.0
228,190173,False,2002,68,0.62,0.93,1,-3.685,1,0.0374,0.00043,0.0,0.0686,0.609,106.22,0.0,1.0,0.0,0.0
327,203506,False,2007,76,0.459,0.891,10,-5.057,0,0.0623,0.00511,0.0,0.106,0.588,154.837,0.0,1.0,0.0,0.0
367,182826,False,2007,76,0.459,0.895,2,-3.126,1,0.0805,0.00725,0.0,0.206,0.572,181.04,0.0,1.0,0.0,0.0
185,268693,False,2001,40,0.443,0.769,2,-5.529,1,0.0312,0.00138,0.0,0.0677,0.17,147.973,0.0,1.0,0.0,0.0
265,261266,True,2004,72,0.49,0.679,8,-3.68,1,0.0309,0.00394,1.54e-05,0.0383,0.506,167.046,0.0,1.0,0.0,0.0
57,255373,False,1999,78,0.458,0.795,0,-3.265,1,0.0574,0.00316,0.000202,0.0756,0.513,123.229,0.0,1.0,0.0,0.0
338,215306,False,2006,68,0.511,0.815,7,-3.14,1,0.144,0.0491,0.0,0.0826,0.586,154.514,0.0,1.0,0.0,0.0
555,187146,False,2017,1,0.6,0.81,0,-4.749,1,0.0479,0.00683,0.21,0.155,0.298,167.88,0.0,1.0,0.0,0.0
177,287906,False,2005,69,0.514,0.898,11,-6.765,0,0.0577,0.00488,0.0345,0.0746,0.353,123.067,0.0,1.0,0.0,0.0
137,228800,False,2001,68,0.33,0.905,4,-5.047,1,0.0497,0.000233,8.14e-06,0.0712,0.259,163.142,0.0,1.0,0.0,0.0
57,269000,False,2002,80,0.618,0.938,9,-3.442,1,0.0456,0.0179,0.0,0.167,0.875,91.455,0.0,1.0,0.0,0.0
488,228346,False,2009,78,0.512,0.662,3,-6.797,1,0.0439,0.0275,0.0,0.118,0.472,180.114,0.0,1.0,0.0,0.0
177,240796,False,2011,69,0.425,0.732,9,-6.883,1,0.0396,0.00194,0.0103,0.171,0.333,117.98,0.0,1.0,0.0,0.0
415,203346,False,2008,80,0.542,0.905,9,-5.653,1,0.054,0.00172,0.0104,0.136,0.374,153.398,0.0,1.0,0.0,0.0
448,252279,False,2009,64,0.525,0.742,10,-5.643,1,0.0311,0.0874,0.149,0.117,0.179,117.029,0.0,1.0,0.0,0.0
555,189466,False,2018,80,0.704,0.611,2,-6.112,1,0.0409,0.217,0.0,0.0812,0.22,100.0,0.0,1.0,0.0,0.0
265,176346,True,2004,77,0.38,0.988,1,-2.042,1,0.0639,2.64e-05,7.86e-05,0.368,0.769,186.113,0.0,1.0,0.0,0.0
100,258920,False,2005,67,0.515,0.876,8,-3.756,1,0.0292,0.000932,0.000166,0.136,0.385,145.916,0.0,1.0,0.0,0.0
562,260173,False,2015,85,0.588,0.521,10,-9.461,1,0.0329,0.0678,0.149,0.123,0.337,85.012,0.0,1.0,0.0,0.0
804,177666,False,2018,78,0.815,0.518,7,-6.594,0,0.0897,0.223,0.0,0.104,0.877,151.891,0.0,1.0,0.0,0.0
295,231533,False,2005,74,0.179,0.912,4,-3.881,0,0.0791,0.0014,0.000294,0.582,0.289,182.99,0.0,1.0,0.0,0.0
19,268613,False,2009,68,0.493,0.808,5,-3.365,0,0.0362,0.000235,0.0,0.0983,0.38,117.971,0.0,1.0,0.0,0.0
304,297426,False,2005,69,0.506,0.93,4,-3.499,1,0.0675,0.129,0.00682,0.0931,0.305,146.994,0.0,1.0,0.0,0.0
83,165853,False,2001,78,0.643,0.849,2,-5.428,1,0.0526,0.0371,0.0,0.058,0.903,162.152,0.0,1.0,0.0,0.0
177,226680,False,2002,72,0.424,0.588,9,-5.455,1,0.0278,0.0553,4.95e-06,0.298,0.193,144.636,0.0,1.0,0.0,0.0
177,267866,False,2014,80,0.545,0.675,6,-6.474,1,0.0279,0.00617,0.00197,0.209,0.162,124.97,0.0,1.0,0.0,0.0
100,252040,False,2005,69,0.616,0.91,0,-3.004,1,0.0386,0.0459,0.0,0.343,0.693,144.072,0.0,1.0,0.0,0.0
247,205973,False,2004,63,0.562,0.865,7,-6.476,0,0.0922,2.06e-05,0.591,0.219,0.35,124.047,0.0,1.0,0.0,0.0
105,256240,False,2001,69,0.563,0.86,8,-7.533,1,0.0621,0.00834,0.0106,0.39,0.517,97.867,0.0,1.0,0.0,0.0
777,169353,False,2018,82,0.652,0.557,1,-5.714,0,0.0318,0.74,0.0,0.124,0.483,150.073,0.0,1.0,0.0,0.0
429,216026,False,2009,57,0.545,0.953,7,-5.172,1,0.0441,0.000941,0.117,0.281,0.558,140.002,0.0,1.0,0.0,0.0
300,173680,False,2006,71,0.535,0.948,6,-4.19,0,0.0356,0.00225,0.0,0.376,0.778,103.183,0.0,1.0,0.0,0.0
762,190348,True,2018,71,0.737,0.408,5,-7.941,1,0.104,0.802,0.0,0.171,0.374,127.921,0.0,1.0,0.0,0.0
300,272394,False,2013,84,0.548,0.532,5,-7.596,1,0.0323,0.186,0.000263,0.217,0.405,85.03,0.0,1.0,0.0,0.0
177,307879,False,2002,79,0.577,0.749,5,-7.215,0,0.0279,0.599,0.0115,0.183,0.255,130.97,0.0,1.0,0.0,0.0
181,211506,False,2002,60,0.597,0.97,4,-5.972,0,0.0502,0.000385,0.205,0.133,0.717,114.999,0.0,1.0,0.0,0.0
13,285960,False,1999,62,0.586,0.659,0,-7.92,0,0.0304,0.011,0.0,0.106,0.147,111.989,0.0,1.0,0.0,0.0
19,162600,False,2003,72,0.554,0.978,4,-3.554,1,0.131,0.111,0.0,0.0731,0.594,135.095,0.0,1.0,0.0,0.0
100,219320,False,2005,65,0.441,0.815,3,-4.088,1,0.0276,0.000731,0.0,0.414,0.522,164.007,0.0,1.0,0.0,0.0
746,185863,False,2017,70,0.586,0.624,5,-5.946,1,0.113,0.0153,1.78e-06,0.133,0.267,68.976,0.0,1.0,0.0,0.0
397,262240,False,2007,56,0.486,0.765,4,-4.23,0,0.128,0.0239,3.02e-05,0.11,0.386,141.933,0.0,1.0,0.0,0.0
327,212040,False,2007,68,0.435,0.887,9,-4.07,1,0.0636,0.000747,0.0,0.0327,0.408,199.935,0.0,1.0,0.0,0.0
490,212306,False,2010,64,0.482,0.829,5,-5.576,1,0.0437,0.00034,0.0,0.378,0.739,147.99,0.0,1.0,0.0,0.0
19,185586,False,2003,81,0.496,0.863,9,-4.153,1,0.0381,0.0046,0.0,0.639,0.243,110.018,0.0,1.0,0.0,0.0
358,208106,False,2007,73,0.644,0.939,11,-3.486,0,0.0456,0.157,0.0,0.233,0.861,106.031,0.0,1.0,0.0,0.0
59,222440,False,2007,57,0.595,0.844,7,-4.678,1,0.0331,0.0137,0.0,0.234,0.603,127.981,0.0,1.0,0.0,0.0
327,186826,False,2013,71,0.558,0.924,9,-4.341,0,0.064,0.0271,3.32e-06,0.537,0.567,151.99,0.0,1.0,0.0,0.0
398,177826,True,2008,78,0.55,0.917,0,-3.159,1,0.0638,0.00428,0.0,0.197,0.601,126.115,0.0,1.0,0.0,0.0
177,242373,False,2008,80,0.486,0.617,5,-7.115,0,0.0287,0.0954,3.23e-06,0.109,0.417,138.015,0.0,1.0,0.0,0.0
308,269373,False,2007,78,0.433,0.959,9,-4.04,1,0.0431,0.000917,0.0,0.028,0.365,172.984,0.0,1.0,0.0,0.0
688,225882,False,2015,55,0.6,0.412,8,-9.343,1,0.344,0.615,0.0025,0.134,0.408,113.049,0.0,1.0,0.0,0.0
177,239215,False,2011,66,0.42,0.69,9,-6.221,0,0.0347,0.00385,0.015,0.287,0.237,85.014,0.0,1.0,0.0,0.0
19,216880,False,2000,83,0.556,0.864,3,-5.87,0,0.0584,0.00958,0.0,0.209,0.4,105.143,0.0,1.0,0.0,0.0
184,303920,False,2001,64,0.432,0.936,3,-4.537,0,0.0562,0.00691,0.0,0.14,0.499,157.469,0.0,1.0,0.0,0.0
529,218190,False,2011,68,0.578,0.946,11,-3.85,0,0.0482,0.00225,0.00412,0.0966,0.588,126.092,0.0,1.0,0.0,0.0
360,193893,True,2007,73,0.611,0.95,8,-3.509,1,0.0518,0.00141,1.59e-06,0.0543,0.607,132.078,0.0,1.0,0.0,0.0
57,216933,False,2002,73,0.451,0.97,0,-4.938,1,0.107,0.0264,0.00355,0.102,0.198,122.444,0.0,1.0,0.0,0.0
445,198440,False,2008,77,0.871,0.701,5,-5.594,0,0.0458,0.257,7.52e-06,0.0589,0.716,126.975,0.0,1.0,0.0,0.0
189,225426,False,2003,50,0.669,0.873,8,-4.315,1,0.0494,0.00204,0.0,0.137,0.827,88.029,0.0,1.0,0.0,0.0
259,237026,False,2004,77,0.277,0.663,4,-8.821,0,0.0377,0.000409,0.00051,0.136,0.527,104.561,0.0,1.0,0.0,0.0
643,203653,False,2016,71,0.556,0.658,0,-6.075,1,0.0265,0.164,0.0,0.113,0.787,80.529,0.0,1.0,0.0,0.0
349,203506,False,2006,73,0.391,0.808,8,-6.209,0,0.0892,0.0759,0.0,0.149,0.737,100.304,0.0,1.0,0.0,0.0
19,205613,False,2007,77,0.623,0.93,5,-5.285,1,0.0324,0.0141,1.64e-06,0.138,0.287,120.119,0.0,1.0,0.0,0.0
19,216880,False,2000,83,0.556,0.864,3,-5.87,0,0.0584,0.00958,0.0,0.209,0.4,105.143,0.0,1.0,0.0,0.0
230,219826,False,2003,74,0.489,0.649,9,-5.11,1,0.0336,0.000603,0.713,0.101,0.77,158.009,0.0,1.0,0.0,0.0
57,334666,False,2006,79,0.427,0.9,11,-3.674,1,0.0499,0.116,1.75e-05,0.119,0.599,104.655,0.0,1.0,0.0,0.0
265,321093,False,2009,73,0.268,0.742,5,-4.939,1,0.0355,0.0518,0.0,0.626,0.416,159.779,0.0,1.0,0.0,0.0
19,196906,False,2003,68,0.579,0.849,4,-5.218,0,0.0303,0.108,0.0,0.0909,0.581,100.021,0.0,1.0,0.0,0.0
100,238173,False,2005,70,0.518,0.797,6,-5.153,1,0.0309,0.000681,0.0,0.107,0.293,132.918,0.0,1.0,0.0,0.0
428,178013,False,2009,75,0.64,0.957,8,-2.336,1,0.0741,0.0431,0.0,0.0789,0.692,134.992,0.0,1.0,0.0,0.0
154,200426,False,2003,60,0.622,0.876,8,-7.779,1,0.0728,0.00107,1.83e-06,0.292,0.537,142.017,0.0,1.0,0.0,0.0
147,302720,False,2001,27,0.729,0.731,4,-4.822,1,0.0684,0.232,1.57e-06,0.391,0.839,138.202,0.0,1.0,0.0,0.0
100,207466,False,2003,68,0.455,0.858,11,-5.659,0,0.0391,0.000616,0.000247,0.226,0.597,163.118,0.0,1.0,0.0,0.0
732,201160,False,2017,0,0.673,0.637,5,-4.518,1,0.0429,0.137,0.0,0.184,0.678,123.98,0.0,1.0,0.0,0.0
631,202333,False,2015,83,0.734,0.637,4,-5.677,0,0.141,0.0462,2.29e-05,0.0602,0.648,169.977,0.0,1.0,0.0,0.0
541,256613,False,2011,60,0.588,0.694,11,-4.278,0,0.0387,0.00948,0.0,0.113,0.271,126.027,0.0,1.0,0.0,0.0
555,204346,False,2017,1,0.779,0.787,10,-4.305,0,0.108,0.0524,0.0,0.14,0.708,124.982,0.0,1.0,0.0,0.0
500,223053,False,2011,73,0.636,0.831,5,-3.945,1,0.182,0.0294,3.85e-06,0.272,0.668,175.015,0.0,0.0,1.0,0.0
282,230493,True,2005,73,0.688,0.835,8,-4.162,1,0.0911,0.0583,2.87e-06,0.0795,0.88,84.858,0.0,0.0,1.0,0.0
79,293666,False,2016,52,0.527,0.808,1,-4.749,1,0.295,0.176,0.0,0.169,0.907,87.025,0.0,0.0,1.0,0.0
652,223973,True,2015,68,0.589,0.658,11,-5.288,0,0.203,0.0242,0.0,0.118,0.251,77.521,0.0,0.0,1.0,0.0
384,234560,False,2010,76,0.616,0.869,0,-3.911,1,0.0327,0.0283,0.0,0.064,0.473,127.966,0.0,0.0,1.0,0.0
286,280013,True,2005,55,0.684,0.493,10,-7.728,1,0.0459,0.000839,0.0,0.157,0.08,84.03,0.0,0.0,1.0,0.0
441,208946,False,2010,56,0.625,0.613,6,-6.005,0,0.173,0.0209,0.0,0.0286,0.738,96.033,0.0,0.0,1.0,0.0
118,259720,False,2008,71,0.573,0.712,0,-5.976,1,0.0732,0.0572,0.0,0.167,0.346,140.012,0.0,0.0,1.0,0.0
276,191600,True,2016,80,0.671,0.314,5,-8.091,0,0.244,0.11,0.0,0.0825,0.296,110.898,0.0,0.0,1.0,0.0
379,287480,True,2007,61,0.727,0.71,4,-6.142,1,0.0742,0.0104,0.0,0.107,0.378,81.995,0.0,0.0,1.0,0.0
72,348893,False,2000,54,0.724,0.416,5,-8.964,0,0.0841,0.365,0.0,0.0969,0.578,151.181,0.0,0.0,1.0,0.0
361,212560,False,2012,71,0.573,0.929,8,-3.942,0,0.109,0.197,0.000112,0.0567,0.582,127.934,0.0,0.0,1.0,0.0
197,324600,False,2002,47,0.78,0.604,1,-8.019,1,0.0396,0.022,0.0,0.194,0.12,101.043,0.0,0.0,1.0,0.0
441,198973,True,2018,81,0.754,0.449,7,-9.211,1,0.109,0.0332,8.29e-05,0.552,0.357,77.169,0.0,0.0,1.0,0.0
726,218146,True,2018,83,0.585,0.52,5,-6.136,0,0.0712,0.124,7.01e-05,0.131,0.129,159.801,0.0,0.0,1.0,0.0
190,239773,False,2005,62,0.69,0.928,5,-2.76,0,0.061,0.00937,0.0,0.547,0.604,130.889,0.0,0.0,1.0,0.0
391,283400,True,2013,78,0.772,0.685,5,-6.849,1,0.0696,0.019,8.96e-05,0.131,0.501,130.033,0.0,0.0,1.0,0.0
15,275026,False,2019,0,0.641,0.72,5,-5.209,1,0.0336,0.0688,0.00286,0.193,0.418,92.988,0.0,0.0,1.0,0.0
725,253390,True,2018,79,0.816,0.726,5,-3.998,0,0.129,0.099,0.0,0.372,0.65,136.048,0.0,0.0,1.0,0.0
283,320893,True,2008,60,0.673,0.766,11,-5.018,1,0.349,0.0724,0.0,0.0563,0.382,148.113,0.0,0.0,1.0,0.0
263,237506,True,2007,52,0.639,0.628,6,-7.578,0,0.0399,0.0381,0.0,0.386,0.43,90.482,0.0,0.0,1.0,0.0
98,262133,True,2001,66,0.708,0.587,11,-7.93,0,0.151,0.273,0.0,0.0718,0.554,83.46,0.0,0.0,1.0,0.0
537,184516,False,2016,79,0.544,0.552,9,-7.45,1,0.0991,0.67,4.57e-05,0.415,0.554,159.738,0.0,0.0,1.0,0.0
444,226986,False,2013,50,0.561,0.836,9,-3.939,1,0.1,0.0525,0.0,0.136,0.517,127.923,0.0,0.0,1.0,0.0
166,273360,False,2002,68,0.765,0.666,7,-5.384,1,0.172,0.102,0.0,0.116,0.756,87.002,0.0,0.0,1.0,0.0
671,217603,True,2016,70,0.617,0.567,0,-4.188,1,0.0828,0.0584,0.0,0.0933,0.505,90.246,0.0,0.0,1.0,0.0
5,274226,True,1999,60,0.746,0.443,1,-7.693,0,0.0771,0.282,0.0,0.14,0.272,119.311,0.0,0.0,1.0,0.0
18,161506,True,1999,82,0.922,0.909,10,-2.429,0,0.27,0.0281,0.0,0.0856,0.309,95.295,0.0,0.0,1.0,0.0
208,236506,True,2003,67,0.894,0.404,9,-5.913,0,0.13,0.453,1.57e-06,0.0801,0.759,102.009,0.0,0.0,1.0,0.0
593,227000,True,2014,71,0.742,0.595,9,-7.51,1,0.107,0.15,0.0,0.111,0.431,101.013,0.0,0.0,1.0,0.0
190,289133,False,2009,80,0.743,0.766,0,-6.375,1,0.0265,0.0873,0.0,0.509,0.61,127.96,0.0,0.0,1.0,0.0
799,129264,True,2018,1,0.906,0.382,10,-12.89,0,0.269,0.18,0.0,0.113,0.391,104.025,0.0,0.0,1.0,0.0
577,217346,False,2014,63,0.596,0.738,8,-3.109,1,0.0411,0.109,0.0,0.0947,0.461,127.961,0.0,0.0,1.0,0.0
302,231040,False,2005,0,0.722,0.329,0,-11.617,0,0.108,0.088,0.0,0.081,0.166,99.991,0.0,0.0,1.0,0.0
477,268320,False,2010,74,0.688,0.853,10,-5.814,1,0.0493,0.386,0.0,0.0862,0.743,103.993,0.0,0.0,1.0,0.0
411,231906,False,2015,62,0.67,0.476,9,-6.253,0,0.0406,0.328,0.0,0.104,0.235,96.975,0.0,0.0,1.0,0.0
118,219986,False,2010,67,0.551,0.893,7,-2.628,1,0.0543,0.00166,0.0,0.348,0.794,125.083,0.0,0.0,1.0,0.0
255,216706,True,2004,63,0.759,0.891,11,-2.983,1,0.257,0.0298,0.0,0.141,0.587,98.579,0.0,0.0,1.0,0.0
263,203493,True,2007,47,0.667,0.747,1,-7.059,1,0.189,0.337,0.0,0.115,0.918,86.917,0.0,0.0,1.0,0.0
55,257200,False,2000,60,0.682,0.744,8,-6.981,1,0.0365,0.376,0.00951,0.06,0.827,132.493,0.0,0.0,1.0,0.0
263,270306,False,2008,66,0.76,0.524,1,-7.67,0,0.0323,0.0542,0.5,0.112,0.112,119.603,0.0,0.0,1.0,0.0
441,227880,False,2013,72,0.773,0.414,6,-7.436,0,0.0961,0.00411,3.4e-05,0.0733,0.289,99.993,0.0,0.0,1.0,0.0
411,206413,False,2007,62,0.699,0.699,8,-5.564,0,0.0737,0.358,0.0,0.0912,0.611,94.977,0.0,0.0,1.0,0.0
696,198236,True,2016,63,0.464,0.771,8,-4.503,1,0.336,0.0235,0.0,0.063,0.69,158.777,0.0,0.0,1.0,0.0
708,207629,False,2017,58,0.722,0.744,11,-5.52,0,0.0363,0.0234,0.000157,0.143,0.686,125.985,0.0,0.0,1.0,0.0
352,234026,True,2007,70,0.975,0.711,8,-3.904,1,0.0632,0.168,0.000552,0.0799,0.815,110.621,0.0,0.0,1.0,0.0
190,219426,False,2010,76,0.659,0.628,0,-8.685,0,0.179,0.186,0.0,0.105,0.262,94.05,0.0,0.0,1.0,0.0
256,233360,True,2004,66,0.828,0.792,10,-5.435,0,0.179,0.182,0.0,0.281,0.777,134.199,0.0,0.0,1.0,0.0
425,201040,False,2010,71,0.675,0.602,11,-4.733,0,0.116,0.00377,0.0,0.0458,0.933,127.938,0.0,0.0,1.0,0.0
361,247933,False,2012,65,0.725,0.874,0,-3.715,0,0.0396,0.00262,0.000412,0.0958,0.748,127.985,0.0,0.0,1.0,0.0
450,289746,True,2008,65,0.673,0.614,7,-5.426,1,0.103,0.0782,0.0,0.139,0.362,176.052,0.0,0.0,1.0,0.0
801,190537,False,2019,69,0.903,0.839,11,-9.447,0,0.208,0.0939,0.0,0.102,0.727,133.986,0.0,0.0,1.0,0.0
357,253400,True,2007,61,0.619,0.709,7,-4.633,1,0.0395,0.00541,0.0,0.507,0.68,144.972,0.0,0.0,1.0,0.0
389,299333,True,2008,69,0.829,0.428,0,-9.469,1,0.0831,0.056,0.00413,0.137,0.45,148.075,0.0,0.0,1.0,0.0
130,245133,True,2001,73,0.839,0.706,5,-6.104,0,0.199,0.208,0.0,0.242,0.839,96.673,0.0,0.0,1.0,0.0
149,324306,True,2002,68,0.648,0.759,6,-4.315,1,0.306,0.0142,0.0,0.648,0.518,85.996,0.0,0.0,1.0,0.0
395,177573,False,2011,38,0.624,0.977,11,-3.34,0,0.22,0.00615,0.0,0.253,0.74,126.127,0.0,0.0,1.0,0.0
444,192200,False,2011,70,0.668,0.718,1,-4.736,0,0.0605,0.0165,0.0,0.104,0.345,91.993,0.0,0.0,1.0,0.0
159,237800,True,2002,64,0.66,0.536,10,-8.786,0,0.29,0.233,0.00669,0.111,0.775,159.963,0.0,0.0,1.0,0.0
276,215226,False,2011,75,0.735,0.766,1,-4.485,1,0.0383,0.025,0.00138,0.108,0.6,127.985,0.0,0.0,1.0,0.0
161,282773,False,2003,62,0.835,0.68,1,-6.02,0,0.21,0.1,0.0,0.049,0.889,95.508,0.0,0.0,1.0,0.0
276,267080,False,2008,77,0.835,0.669,6,-5.582,0,0.0643,0.0336,6.92e-05,0.0535,0.542,122.668,0.0,0.0,1.0,0.0
427,229360,True,2014,80,0.721,0.802,1,-5.797,1,0.0583,0.0921,0.0,0.694,0.724,124.022,0.0,0.0,1.0,0.0
721,343150,True,2017,72,0.926,0.666,11,-5.314,1,0.244,0.0611,0.0,0.123,0.168,127.079,0.0,0.0,1.0,0.0
92,264933,False,2001,57,0.66,0.71,1,-4.541,1,0.0409,0.0106,7.01e-06,0.0736,0.233,97.988,0.0,0.0,1.0,0.0
276,263173,False,2010,66,0.692,0.786,2,-2.959,1,0.069,0.23,0.0,0.0797,0.583,100.025,0.0,0.0,1.0,0.0
441,205879,True,2015,0,0.853,0.558,1,-7.448,1,0.202,0.0462,0.0,0.341,0.654,142.079,0.0,0.0,1.0,0.0
255,249533,True,2008,74,0.68,0.687,9,-6.162,0,0.0709,0.0161,0.0,0.261,0.467,150.053,0.0,0.0,1.0,0.0
726,149546,True,2019,79,0.829,0.539,11,-7.359,0,0.208,0.136,1.78e-06,0.103,0.388,99.96,0.0,0.0,1.0,0.0
276,250600,True,2009,55,0.31,0.746,1,-3.599,1,0.111,0.0121,0.0,0.649,0.163,182.032,0.0,0.0,1.0,0.0
102,295346,True,2001,51,0.814,0.852,2,-6.176,1,0.401,0.0958,1.32e-06,0.0288,0.717,184.682,0.0,0.0,1.0,0.0
664,246761,True,2016,70,0.576,0.766,10,-4.943,0,0.449,0.028,1.68e-06,0.366,0.236,144.833,0.0,0.0,1.0,0.0
761,213993,False,2018,72,0.477,0.61,11,-5.628,0,0.144,0.225,0.0,0.107,0.358,79.882,0.0,0.0,1.0,0.0
720,119133,True,2017,83,0.872,0.391,0,-9.144,0,0.242,0.469,4.13e-06,0.297,0.437,134.021,0.0,0.0,1.0,0.0
524,213400,True,2017,80,0.8,0.585,10,-7.343,1,0.0924,0.264,0.0,0.153,0.779,126.058,0.0,0.0,1.0,0.0
477,196133,False,2010,65,0.549,0.932,8,-4.11,0,0.343,0.0127,0.0,0.347,0.787,82.439,0.0,0.0,1.0,0.0
441,173986,False,2016,84,0.792,0.625,1,-5.609,1,0.0536,0.00776,0.0018,0.329,0.37,103.967,0.0,0.0,1.0,0.0
807,201787,True,2019,74,0.61,0.725,8,-5.131,1,0.15,0.367,0.0,0.154,0.291,146.163,0.0,0.0,1.0,0.0
728,220454,True,2017,74,0.731,0.794,0,-5.126,0,0.0522,0.0323,2.59e-05,0.112,0.356,139.994,0.0,0.0,1.0,0.0
79,289160,True,2002,77,0.727,0.552,2,-8.074,0,0.14,0.227,0.000164,0.198,0.607,168.189,0.0,0.0,1.0,0.0
427,238506,False,2009,63,0.849,0.599,6,-8.164,1,0.227,0.00301,0.000249,0.0763,0.761,126.003,0.0,0.0,1.0,0.0
216,253720,False,2002,58,0.837,0.885,6,-3.914,0,0.182,0.103,0.0,0.0666,0.694,95.313,0.0,0.0,1.0,0.0
391,279506,False,2013,68,0.797,0.608,6,-6.096,0,0.0584,0.00112,7.66e-05,0.0748,0.402,127.999,0.0,0.0,1.0,0.0
208,232720,False,2014,79,0.647,0.822,5,-4.662,0,0.183,0.219,0.0,0.0908,0.962,160.019,0.0,0.0,1.0,0.0
366,256426,False,2006,57,0.775,0.731,8,-5.446,1,0.134,0.189,0.0,0.129,0.821,131.105,0.0,0.0,1.0,0.0
592,213733,False,2013,70,0.818,0.799,1,-4.1,0,0.156,0.00107,0.128,0.057,0.0815,100.014,0.0,0.0,1.0,0.0
263,223506,True,2004,80,0.657,0.734,8,-4.832,0,0.484,0.149,0.0,0.139,0.434,91.03,0.0,0.0,1.0,0.0
738,179404,True,2018,42,0.931,0.387,1,-9.127,1,0.412,0.088,0.0,0.136,0.376,125.978,0.0,0.0,1.0,0.0
166,227786,False,2012,70,0.718,0.776,7,-5.208,0,0.0693,0.000624,5.3e-06,0.207,0.622,120.015,0.0,0.0,1.0,0.0
749,212120,False,2017,79,0.662,0.714,5,-5.68,0,0.121,0.312,0.0,0.179,0.464,147.997,0.0,0.0,1.0,0.0
263,329320,True,2012,73,0.563,0.496,6,-9.381,0,0.406,0.0685,5.8e-05,0.173,0.426,139.993,0.0,0.0,1.0,0.0
383,275106,False,2007,64,0.684,0.606,5,-7.268,0,0.0504,0.17,0.0,0.058,0.723,127.901,0.0,0.0,1.0,0.0
355,216317,True,2008,54,0.687,0.668,5,-4.061,1,0.0282,0.0253,0.0,0.744,0.418,113.053,0.0,0.0,1.0,0.0
284,241666,True,2011,69,0.705,0.882,11,-3.201,0,0.0445,0.000369,1.16e-06,0.0934,0.7,130.0,0.0,0.0,1.0,0.0
276,235493,False,2010,73,0.789,0.716,11,-4.241,0,0.0432,0.129,1.07e-05,0.069,0.611,125.906,0.0,0.0,1.0,0.0
276,246960,False,2005,77,0.779,0.64,7,-8.415,1,0.159,0.000155,0.00077,0.101,0.498,99.019,0.0,0.0,1.0,0.0
771,114893,False,2019,71,0.703,0.594,5,-6.146,0,0.0752,0.342,0.0,0.123,0.475,153.848,0.0,0.0,1.0,0.0
190,284373,False,2009,72,0.798,0.629,11,-6.857,0,0.0735,0.00474,2.17e-05,0.324,0.4,130.0,0.0,0.0,1.0,0.0
740,202804,False,2017,71,0.653,0.718,3,-5.232,0,0.213,0.00413,0.0,0.0537,0.216,82.034,0.0,0.0,1.0,0.0
276,229413,False,2008,74,0.697,0.467,9,-7.536,1,0.0715,0.248,0.0,0.0941,0.572,82.082,0.0,0.0,1.0,0.0
272,248200,True,2003,64,0.713,0.734,0,-4.894,0,0.325,0.548,0.0,0.0687,0.89,172.872,0.0,0.0,1.0,0.0
687,255889,False,2016,51,0.369,0.618,6,-6.304,0,0.249,0.161,0.0,0.257,0.467,191.863,0.0,0.0,1.0,0.0
135,296586,True,2001,60,0.921,0.668,7,-8.73,1,0.235,0.0949,0.0,0.592,0.892,131.059,0.0,0.0,1.0,0.0
293,238746,False,2008,52,0.636,0.946,10,-4.683,0,0.332,0.115,3.75e-05,0.0416,0.891,125.085,0.0,0.0,1.0,0.0
690,198774,False,2016,63,0.647,0.932,11,-3.515,1,0.0824,0.00383,1.5e-06,0.0574,0.374,114.991,0.0,0.0,1.0,0.0
284,227973,False,2012,64,0.594,0.841,1,-5.792,1,0.102,0.000238,2.22e-06,0.156,0.643,129.925,0.0,0.0,1.0,0.0
444,199026,False,2010,65,0.762,0.748,0,-4.15,0,0.033,0.0266,0.0,0.348,0.851,110.009,0.0,0.0,1.0,0.0
568,213708,False,2013,63,0.703,0.867,6,-4.292,1,0.0453,0.107,0.0,0.119,0.546,128.008,0.0,0.0,1.0,0.0
611,175426,False,2012,82,0.72,0.791,1,-4.689,1,0.124,0.0384,0.0,0.157,0.756,102.071,0.0,0.0,1.0,0.0
705,288624,True,2018,78,0.837,0.636,1,-7.643,1,0.086,0.0395,0.00125,0.342,0.274,145.972,0.0,0.0,1.0,0.0
653,222360,True,2017,71,0.78,0.575,1,-5.628,0,0.139,0.106,0.0,0.129,0.273,81.502,0.0,0.0,1.0,0.0
539,299960,True,2014,0,0.826,0.571,11,-4.871,1,0.064,0.0239,7.38e-06,0.207,0.666,153.972,0.0,0.0,1.0,0.0
255,338853,True,2008,75,0.375,0.862,11,-3.363,0,0.255,0.071,0.0,0.211,0.478,159.841,0.0,0.0,1.0,0.0
211,245293,False,2003,49,0.655,0.433,5,-7.577,0,0.0348,0.444,0.0,0.221,0.199,130.127,0.0,0.0,1.0,0.0
635,186146,False,2018,72,0.778,0.566,2,-6.959,0,0.0311,0.672,0.000197,0.0698,0.479,117.971,0.0,0.0,1.0,0.0
425,201000,False,2012,69,0.691,0.921,8,-1.702,0,0.0533,0.173,0.0,0.331,0.8,130.072,0.0,0.0,1.0,0.0
372,188493,True,2007,66,0.84,0.571,10,-7.421,1,0.0797,0.16,0.0,0.406,0.617,116.59,0.0,0.0,1.0,0.0
45,243666,False,2004,52,0.829,0.652,7,-8.693,0,0.108,0.067,0.0,0.0812,0.726,99.581,0.0,0.0,1.0,0.0
276,275986,False,2008,81,0.583,0.829,1,-4.603,1,0.134,0.00864,0.0,0.0426,0.575,174.028,0.0,0.0,1.0,0.0
738,157643,True,2018,63,0.66,0.775,2,-4.926,1,0.172,0.0553,0.0,0.129,0.635,157.036,0.0,0.0,1.0,0.0
287,230133,True,2005,52,0.837,0.658,1,-8.013,0,0.126,0.000213,0.122,0.243,0.586,95.027,0.0,0.0,1.0,0.0
444,206080,False,2011,63,0.671,0.808,2,-4.861,0,0.0652,0.02,0.0,0.134,0.637,121.956,0.0,0.0,1.0,0.0
209,250746,True,2003,69,0.866,0.749,2,-3.977,1,0.253,0.15,0.0,0.0614,0.891,92.074,0.0,0.0,1.0,0.0
34,338413,True,2013,62,0.676,0.534,2,-6.901,0,0.0831,0.0594,8.59e-06,0.256,0.156,145.082,0.0,0.0,1.0,0.0
800,163320,True,2019,72,0.876,0.662,2,-6.482,0,0.426,0.0608,0.0,0.127,0.844,75.445,0.0,0.0,1.0,0.0
209,234133,True,2006,62,0.786,0.511,7,-6.66,1,0.286,0.0825,0.0,0.12,0.587,80.0,0.0,0.0,1.0,0.0
289,224253,True,2005,63,0.891,0.439,7,-7.994,0,0.428,0.0351,0.0,0.0932,0.622,77.499,0.0,0.0,1.0,0.0
116,223133,True,2001,57,0.897,0.466,10,-9.053,0,0.203,0.187,1.35e-06,0.0757,0.884,100.01,0.0,0.0,1.0,0.0
623,185351,False,2016,0,0.608,0.798,6,-5.092,0,0.0432,0.0736,0.0,0.156,0.501,92.943,0.0,0.0,1.0,0.0
219,230560,False,2011,65,0.744,0.672,9,-5.589,0,0.0418,0.187,0.000123,0.105,0.266,140.889,0.0,0.0,1.0,0.0
372,240760,True,2008,61,0.648,0.801,5,-7.24,0,0.167,0.154,0.0,0.339,0.807,78.946,0.0,0.0,1.0,0.0
302,238800,True,2007,3,0.675,0.394,8,-8.539,1,0.133,0.0611,0.0,0.214,0.405,104.987,0.0,0.0,1.0,0.0
623,176561,False,2015,73,0.723,0.809,7,-3.081,0,0.0625,0.00346,0.00123,0.565,0.274,98.007,0.0,0.0,1.0,0.0
212,266066,True,2004,39,0.892,0.628,1,-3.832,1,0.216,0.169,0.0,0.102,0.676,92.063,0.0,0.0,1.0,0.0
352,179120,False,2007,80,0.731,0.807,3,-6.492,0,0.1,0.181,0.751,0.319,0.765,114.759,0.0,0.0,1.0,0.0
40,289373,True,2001,49,0.969,0.701,1,-7.503,1,0.156,0.14,0.00161,0.201,0.905,121.392,0.0,0.0,1.0,0.0
276,238626,False,2008,76,0.707,0.813,11,-4.515,0,0.0571,0.0863,0.0,0.168,0.722,124.921,0.0,0.0,1.0,0.0
284,252120,False,2007,70,0.662,0.693,3,-4.298,1,0.0698,0.134,0.0,0.145,0.655,86.009,0.0,0.0,1.0,0.0
504,224333,True,2011,48,0.687,0.939,10,-4.372,0,0.146,0.0887,0.0,0.283,0.539,104.029,0.0,0.0,1.0,0.0
441,263373,True,2016,74,0.794,0.653,7,-7.839,1,0.104,0.0489,4.88e-05,0.1,0.397,117.996,0.0,0.0,1.0,0.0
135,201586,True,2010,63,0.785,0.498,1,-6.977,1,0.0533,0.00248,1.23e-06,0.224,0.418,143.96,0.0,0.0,1.0,0.0
721,303076,True,2018,72,0.904,0.518,2,-5.32,1,0.183,0.0305,0.0,0.325,0.188,137.996,0.0,0.0,1.0,0.0
444,187521,False,2017,64,0.845,0.709,10,-4.547,0,0.0714,0.0233,0.0,0.094,0.62,98.062,0.0,0.0,1.0,0.0
365,324906,True,2006,59,0.88,0.438,0,-7.562,1,0.248,0.0147,0.0,0.0907,0.714,90.02,0.0,0.0,1.0,0.0
361,229184,False,2019,73,0.807,0.887,1,-4.311,0,0.0361,0.016,0.000503,0.0811,0.606,122.015,0.0,0.0,1.0,0.0
6,250760,True,2004,77,0.637,0.678,0,-3.798,1,0.266,0.209,0.0,0.156,0.254,84.039,0.0,0.0,1.0,0.0
474,237480,True,2011,66,0.846,0.438,11,-4.981,1,0.141,0.2,9.43e-05,0.0939,0.512,85.013,0.0,0.0,1.0,0.0
709,238586,False,2017,69,0.804,0.886,1,-2.512,1,0.04,0.0837,0.0,0.266,0.789,144.946,0.0,0.0,1.0,0.0
187,247946,True,2007,67,0.63,0.782,8,-5.44,0,0.132,0.0828,0.0,0.034,0.418,140.144,0.0,0.0,1.0,0.0
652,180522,True,2018,78,0.889,0.496,4,-6.365,0,0.0905,0.259,0.0,0.252,0.544,86.003,0.0,0.0,1.0,0.0
721,304041,True,2017,68,0.92,0.675,1,-5.661,0,0.263,0.307,0.0,0.104,0.749,141.967,0.0,0.0,1.0,0.0
276,226973,False,2006,70,0.588,0.391,0,-8.607,0,0.0334,0.839,0.0,0.227,0.349,144.069,0.0,0.0,1.0,0.0
251,179160,True,2005,57,0.933,0.513,7,-13.203,1,0.347,0.00112,0.00248,0.107,0.595,102.017,0.0,0.0,1.0,0.0
667,268866,True,2017,0,0.589,0.731,2,-6.343,1,0.0868,0.0534,0.0,0.308,0.191,87.908,0.0,0.0,1.0,0.0
683,237786,True,2016,73,0.546,0.529,11,-10.511,0,0.0583,0.0862,6.5e-06,0.124,0.247,107.331,0.0,0.0,1.0,0.0
161,223293,False,2002,49,0.855,0.681,2,-4.955,1,0.0688,0.0881,3.7e-06,0.0592,0.908,99.699,0.0,0.0,1.0,0.0
667,245386,True,2017,0,0.838,0.771,1,-3.791,1,0.244,0.0117,0.0,0.0853,0.405,175.957,0.0,0.0,1.0,0.0
667,251466,True,2015,77,0.756,0.674,0,-6.518,0,0.0959,0.0184,0.0,0.158,0.389,111.995,0.0,0.0,1.0,0.0
441,205879,True,2015,72,0.852,0.553,1,-7.286,1,0.187,0.0559,0.0,0.332,0.656,142.079,0.0,0.0,1.0,0.0
653,284386,True,2015,75,0.824,0.733,1,-5.474,1,0.0613,0.0362,0.0,0.325,0.395,97.972,0.0,0.0,1.0,0.0
540,215064,False,2017,63,0.628,0.797,11,-3.953,0,0.0596,0.0364,0.0,0.104,0.321,106.93,0.0,0.0,1.0,0.0
721,190288,True,2018,72,0.817,0.816,2,-5.402,1,0.269,0.00263,0.0,0.159,0.508,181.982,0.0,0.0,1.0,0.0
384,190185,False,2015,49,0.657,0.827,5,-4.036,1,0.0734,0.000704,0.00534,0.065,0.69,145.889,0.0,0.0,1.0,0.0
198,219920,True,2005,4,0.899,0.365,9,-5.461,0,0.105,0.0508,0.0,0.097,0.749,100.01,0.0,0.0,1.0,0.0
373,236080,True,2006,0,0.685,0.8,1,-6.564,1,0.298,0.0847,0.0,0.092,0.483,120.226,0.0,0.0,1.0,0.0
560,210200,True,2017,71,0.822,0.502,7,-7.38,1,0.148,0.0312,0.000887,0.114,0.525,73.003,0.0,0.0,1.0,0.0
407,177185,True,2019,64,0.887,0.765,2,-5.207,1,0.0669,0.00915,0.000872,0.0907,0.456,102.958,0.0,0.0,1.0,0.0
79,228240,True,2002,75,0.956,0.745,11,-4.753,0,0.12,0.206,0.0,0.0615,0.912,107.075,0.0,0.0,1.0,0.0
441,217925,True,2018,75,0.835,0.626,1,-5.833,1,0.125,0.0589,6e-05,0.396,0.35,91.03,0.0,0.0,1.0,0.0
97,230133,True,2001,73,0.908,0.557,8,-4.243,0,0.107,0.242,0.0,0.0709,0.897,90.032,0.0,0.0,1.0,0.0
98,254466,False,2002,60,0.701,0.669,1,-5.265,1,0.107,0.271,0.0,0.158,0.446,83.066,0.0,0.0,1.0,0.0
149,214960,True,2006,61,0.658,0.551,1,-6.62,1,0.37,0.0043,0.000108,0.197,0.442,138.335,0.0,0.0,1.0,0.0
776,176631,True,2019,0,0.894,0.511,2,-4.768,1,0.42,0.0251,0.0,0.14,0.568,120.08,0.0,0.0,1.0,0.0
694,239280,False,2016,63,0.766,0.5,11,-7.558,1,0.0695,0.719,5.91e-06,0.304,0.71,84.044,0.0,0.0,1.0,0.0
444,216408,True,2017,75,0.696,0.817,1,-3.862,1,0.109,0.075,0.0,0.187,0.782,98.064,0.0,0.0,1.0,0.0
81,243160,False,2000,1,0.622,0.608,10,-5.085,1,0.036,0.138,5.38e-06,0.273,0.607,89.661,0.0,0.0,1.0,0.0
6,297840,True,2002,71,0.908,0.758,9,-4.753,0,0.174,0.0687,0.0,0.0783,0.87,148.015,0.0,0.0,1.0,0.0
406,221920,True,2009,62,0.672,0.62,8,-4.865,1,0.0422,0.123,0.0,0.362,0.627,78.005,0.0,0.0,1.0,0.0
537,234093,True,2012,64,0.913,0.603,8,-4.892,1,0.226,0.0272,0.000503,0.167,0.497,123.061,0.0,0.0,1.0,0.0
444,221253,False,2010,70,0.615,0.711,11,-5.507,1,0.0779,0.0444,0.0,0.145,0.711,144.036,0.0,0.0,1.0,0.0
657,198293,True,2015,78,0.765,0.356,11,-5.556,0,0.195,0.223,0.0,0.0963,0.189,96.991,0.0,0.0,1.0,0.0
284,250666,False,2007,68,0.729,0.658,10,-3.386,0,0.225,0.0506,0.0,0.0693,0.551,140.043,0.0,0.0,1.0,0.0
97,239266,True,2002,58,0.723,0.84,1,-3.523,0,0.0608,0.0619,0.0,0.0945,0.827,94.332,0.0,0.0,1.0,0.0
39,175893,False,2000,36,0.852,0.75,8,-5.153,1,0.168,0.434,0.0,0.265,0.934,72.016,0.0,0.0,1.0,0.0
163,211320,False,2005,41,0.905,0.55,1,-7.558,1,0.372,0.0628,0.0,0.0644,0.52,100.813,0.0,0.0,1.0,0.0
284,276560,True,2011,68,0.692,0.736,1,-5.109,1,0.11,0.0324,0.0,0.0787,0.217,73.987,0.0,0.0,1.0,0.0
28,217586,True,2007,70,0.761,0.899,10,-3.09,0,0.183,0.0135,0.0,0.0719,0.673,95.027,0.0,0.0,1.0,0.0
500,199386,False,2014,77,0.706,0.786,0,-3.417,0,0.091,0.26,0.0,0.38,0.751,150.028,0.0,0.0,1.0,0.0
18,283733,True,2011,71,0.594,0.946,3,-4.521,1,0.452,0.0869,0.0,0.306,0.397,155.826,0.0,0.0,1.0,0.0
626,291893,True,2016,75,0.794,0.632,0,-6.163,1,0.0649,0.142,0.0,0.128,0.355,145.926,0.0,0.0,1.0,0.0
252,223680,False,2006,48,0.535,0.823,6,-5.338,0,0.0431,0.0113,3.88e-06,0.146,0.685,83.001,0.0,0.0,1.0,0.0
32,276266,False,1999,59,0.813,0.491,10,-9.923,0,0.077,0.241,4.61e-05,0.0817,0.868,99.008,0.0,0.0,1.0,0.0
432,238320,False,2015,77,0.418,0.724,5,-3.724,1,0.0964,0.213,0.0,0.112,0.604,78.521,0.0,0.0,1.0,0.0
453,241933,True,2009,62,0.713,0.826,8,-4.075,1,0.243,0.0897,0.0,0.421,0.664,86.444,0.0,0.0,1.0,0.0
187,224440,True,2003,72,0.646,0.813,6,-3.846,0,0.299,0.349,9.37e-05,0.0427,0.895,92.729,0.0,0.0,1.0,0.0
39,238266,False,2006,57,0.772,0.59,6,-6.957,1,0.183,0.0917,0.0,0.101,0.743,83.998,0.0,0.0,1.0,0.0
629,177184,True,2016,76,0.886,0.427,6,-10.028,1,0.145,0.0312,0.00099,0.0906,0.23,108.034,0.0,0.0,1.0,0.0
425,245040,False,2012,79,0.604,0.787,0,-3.674,0,0.103,0.0679,0.15,0.127,0.301,126.062,0.0,0.0,1.0,0.0
108,222640,False,2005,82,0.818,0.705,6,-6.679,1,0.177,0.00836,0.00233,0.613,0.772,138.559,0.0,0.0,1.0,0.0
427,229506,False,2012,77,0.673,0.758,7,-3.632,1,0.158,0.039,0.0,0.341,0.542,135.956,0.0,0.0,1.0,0.0
460,211253,False,2010,61,0.664,0.845,4,-6.115,0,0.0461,0.181,0.0,0.267,0.357,96.005,0.0,0.0,1.0,0.0
276,227533,True,2009,64,0.48,0.486,6,-5.754,0,0.0447,0.046,0.0,0.107,0.265,80.051,0.0,0.0,1.0,0.0
190,214893,True,2003,49,0.86,0.866,4,-6.345,0,0.232,0.104,1.42e-06,0.584,0.933,100.15,0.0,0.0,1.0,0.0
524,185946,True,2017,0,0.636,0.517,0,-6.759,1,0.36,0.00402,0.0,0.0874,0.394,139.928,0.0,0.0,1.0,0.0
242,212106,False,2009,3,0.657,0.695,2,-4.493,1,0.0321,0.0108,0.0,0.0822,0.683,65.997,0.0,0.0,1.0,0.0
794,214203,True,2019,61,0.531,0.581,1,-5.801,1,0.101,0.0107,1.62e-05,0.101,0.591,137.776,0.0,0.0,1.0,0.0
638,312820,True,2018,81,0.834,0.73,8,-3.714,1,0.222,0.00513,0.0,0.124,0.446,155.008,0.0,0.0,1.0,0.0
514,303813,True,2011,68,0.676,0.695,0,-8.327,1,0.245,0.352,0.0,0.119,0.144,90.268,0.0,0.0,1.0,0.0
725,200889,True,2019,73,0.747,0.57,1,-6.711,1,0.081,0.0642,0.0,0.0832,0.65,133.992,0.0,0.0,1.0,0.0
592,247266,False,2014,69,0.407,0.725,5,-5.346,0,0.188,0.0141,2.46e-06,0.306,0.247,196.093,0.0,0.0,1.0,0.0
34,227866,True,2000,59,0.8,0.922,4,-5.125,0,0.24,0.301,9.31e-06,0.0352,0.801,98.631,0.0,0.0,1.0,0.0
664,239853,True,2016,67,0.603,0.725,6,-3.054,1,0.0393,0.174,0.0,0.0786,0.304,122.803,0.0,0.0,1.0,0.0
269,277840,False,2004,59,0.688,0.404,9,-9.481,0,0.0818,0.377,0.0,0.0813,0.448,75.007,0.0,0.0,1.0,0.0
165,287000,False,2002,2,0.668,0.806,6,-3.9,1,0.239,0.232,0.0,0.18,0.721,95.022,0.0,0.0,1.0,0.0
441,174120,True,2013,65,0.794,0.523,8,-7.829,1,0.161,0.0331,0.0,0.156,0.56,86.307,0.0,0.0,1.0,0.0
225,223973,True,2003,61,0.646,0.6,9,-6.569,1,0.458,0.231,0.0,0.0794,0.811,192.082,0.0,0.0,1.0,0.0
117,304506,True,2001,68,0.78,0.634,1,-5.941,1,0.16,0.0199,2.98e-05,0.29,0.754,125.25,0.0,0.0,1.0,0.0
384,224653,False,2012,77,0.747,0.937,0,-5.746,1,0.0453,0.0208,0.0,0.29,0.739,103.976,0.0,0.0,1.0,0.0
213,268373,False,2002,57,0.747,0.398,5,-12.932,0,0.0743,0.211,1.42e-06,0.113,0.428,117.901,0.0,0.0,1.0,0.0
585,209423,True,2014,67,0.743,0.72,11,-3.753,1,0.124,0.192,0.000386,0.109,0.519,163.99,0.0,0.0,1.0,0.0
667,268866,True,2017,75,0.589,0.731,2,-6.343,1,0.0868,0.0534,0.0,0.308,0.191,87.908,0.0,0.0,1.0,0.0
726,174960,True,2019,1,0.58,0.653,5,-3.818,1,0.0745,0.447,0.0,0.111,0.175,150.231,0.0,0.0,1.0,0.0
427,206120,False,2012,64,0.722,0.958,4,-3.617,1,0.0912,0.00726,0.0,0.375,0.952,127.008,0.0,0.0,1.0,0.0
207,164506,True,2009,49,0.649,0.713,7,-6.488,1,0.295,0.000787,0.0,0.318,0.629,101.129,0.0,0.0,1.0,0.0
135,280680,True,2006,51,0.405,0.721,1,-6.97,1,0.283,0.329,0.0,0.252,0.815,92.854,0.0,0.0,1.0,0.0
165,267320,False,2004,56,0.718,0.786,0,-5.76,1,0.0284,0.0114,2.5e-05,0.0745,0.465,99.916,0.0,0.0,1.0,0.0
736,239835,True,2018,84,0.511,0.566,6,-7.23,0,0.2,0.349,0.0,0.34,0.218,83.903,0.0,0.0,1.0,0.0
15,245240,False,2002,36,0.602,0.34,10,-9.867,1,0.0375,0.618,0.0,0.234,0.511,109.598,0.0,0.0,1.0,0.0
166,232506,False,2002,61,0.757,0.78,1,-5.038,1,0.319,0.0811,0.0,0.113,0.59,97.917,0.0,0.0,1.0,0.0
384,192190,False,2015,76,0.688,0.702,7,-4.792,0,0.0499,0.0215,0.0,0.128,0.74,94.006,0.0,0.0,1.0,0.0
263,207000,True,2007,45,0.439,0.808,1,-6.881,1,0.346,0.00305,0.0,0.439,0.487,82.962,0.0,0.0,1.0,0.0
40,211120,True,2001,68,0.797,0.75,0,-9.369,1,0.247,0.533,0.108,0.095,0.74,177.87,0.0,0.0,1.0,0.0
511,210626,True,2012,75,0.747,0.716,11,-2.457,0,0.075,0.135,0.0,0.251,0.751,125.008,0.0,0.0,1.0,0.0
255,299746,True,2008,68,0.713,0.746,0,-4.99,1,0.259,0.0402,0.0,0.601,0.47,135.021,0.0,0.0,1.0,0.0
330,207586,True,2006,56,0.792,0.589,4,-6.869,0,0.262,0.0259,0.000128,0.114,0.778,157.147,0.0,0.0,1.0,0.0
425,195853,True,2010,75,0.813,0.627,11,-5.018,0,0.0486,0.0771,0.000616,0.131,0.801,130.011,0.0,0.0,1.0,0.0
263,188013,True,2013,0,0.578,0.825,1,-6.107,1,0.322,0.000986,0.0,0.176,0.283,130.089,0.0,0.0,1.0,0.0
710,182706,True,2017,81,0.732,0.75,11,-6.366,0,0.231,0.00264,0.0,0.109,0.401,155.096,0.0,0.0,1.0,0.0
361,333680,False,2007,57,0.787,0.808,7,-5.454,1,0.0511,0.0143,0.257,0.0466,0.942,127.99,0.0,0.0,1.0,0.0
242,210306,False,2009,2,0.855,0.668,11,-4.892,1,0.0644,0.0242,0.0,0.102,0.803,125.846,0.0,0.0,1.0,0.0
441,205426,True,2019,76,0.831,0.502,10,-4.045,0,0.046,0.101,0.0,0.122,0.101,100.541,0.0,0.0,1.0,0.0
284,222586,True,2011,71,0.767,0.677,11,-6.128,0,0.184,0.0339,5.51e-06,0.144,0.538,146.155,0.0,0.0,1.0,0.0
539,197131,True,2012,61,0.646,0.784,1,-7.471,0,0.108,0.0166,0.0,0.0721,0.179,127.839,0.0,0.0,1.0,0.0
782,131240,True,2019,78,0.745,0.642,7,-6.257,0,0.287,0.0204,0.0,0.0658,0.226,179.974,0.0,0.0,1.0,0.0
511,260240,True,2014,66,0.964,0.605,9,-6.223,1,0.179,0.0668,7.78e-06,0.214,0.646,129.994,0.0,0.0,1.0,0.0
263,236600,True,2005,73,0.552,0.846,9,-4.912,1,0.342,0.0114,0.0,0.309,0.554,98.56,0.0,0.0,1.0,0.0
592,205946,False,2016,81,0.649,0.716,8,-5.371,1,0.0349,0.0863,2.63e-05,0.135,0.163,99.988,0.0,0.0,1.0,0.0
276,215226,False,2011,75,0.735,0.766,1,-4.485,1,0.0383,0.025,0.00138,0.108,0.6,127.985,0.0,0.0,1.0,0.0
276,263173,False,2010,66,0.692,0.786,2,-2.959,1,0.069,0.23,0.0,0.0797,0.583,100.025,0.0,0.0,1.0,0.0
6,274440,True,2005,74,0.963,0.643,1,-5.785,0,0.117,0.0507,4.94e-05,0.157,0.534,107.005,0.0,0.0,1.0,0.0
366,226580,True,2014,55,0.733,0.676,10,-5.655,0,0.0432,0.0697,0.0,0.208,0.701,97.448,0.0,0.0,1.0,0.0
683,228640,True,2016,0,0.688,0.541,11,-8.128,0,0.114,0.0118,0.0,0.123,0.247,95.109,0.0,0.0,1.0,0.0
535,206666,True,2012,58,0.831,0.667,1,-8.438,1,0.188,0.0103,0.0,0.35,0.339,95.073,0.0,0.0,1.0,0.0
441,233560,True,2010,57,0.325,0.848,7,-5.611,1,0.279,0.0109,0.0,0.124,0.433,100.093,0.0,0.0,1.0,0.0
523,215253,True,2011,70,0.716,0.972,7,-2.302,1,0.196,0.0145,3.22e-05,0.317,0.576,110.026,0.0,0.0,1.0,0.0
556,235613,True,2012,1,0.781,0.526,6,-6.985,0,0.293,0.0619,0.0,0.0457,0.662,94.992,0.0,0.0,1.0,0.0
284,244226,True,2014,67,0.702,0.629,1,-4.292,1,0.041,0.0506,0.0,0.0963,0.446,141.967,0.0,0.0,1.0,0.0
361,212960,False,2014,75,0.414,0.857,0,-4.078,0,0.0808,0.0287,0.00574,0.343,0.348,128.024,0.0,0.0,1.0,0.0
725,223712,True,2018,72,0.926,0.703,11,-6.337,0,0.103,0.0659,0.0,0.231,0.485,125.022,0.0,0.0,1.0,0.0
440,203093,False,2010,32,0.605,0.795,11,-6.086,0,0.0712,0.00153,0.0,0.207,0.263,139.896,0.0,0.0,1.0,0.0
260,247106,True,2001,59,0.925,0.741,9,-5.827,0,0.315,0.0653,0.0,0.044,0.654,93.04,0.0,0.0,1.0,0.0
212,245520,False,2007,56,0.756,0.829,11,-3.973,1,0.0682,0.003,3.46e-05,0.0578,0.504,120.163,0.0,0.0,1.0,0.0
252,242746,False,2005,49,0.656,0.513,5,-8.691,1,0.253,0.156,6.45e-05,0.0763,0.464,86.891,0.0,0.0,1.0,0.0
391,279026,False,2013,62,0.535,0.796,0,-3.446,0,0.0445,0.00473,0.0,0.145,0.282,128.954,0.0,0.0,1.0,0.0
102,235213,False,2003,80,0.727,0.974,4,-2.261,0,0.0664,0.103,0.000532,0.174,0.965,79.526,0.0,0.0,1.0,0.0
494,199480,False,2011,67,0.707,0.861,7,-4.225,1,0.316,0.1,0.0,0.191,0.795,130.021,0.0,0.0,1.0,0.0
6,339546,True,2002,71,0.668,0.824,5,-4.164,0,0.137,0.0017,3.05e-06,0.0426,0.185,163.961,0.0,0.0,1.0,0.0
219,218106,False,2011,59,0.395,0.876,11,-3.859,0,0.138,0.0173,8.46e-06,0.362,0.567,124.638,0.0,0.0,1.0,0.0
284,250666,False,2007,68,0.729,0.658,10,-3.386,0,0.225,0.0506,0.0,0.0693,0.551,140.043,0.0,0.0,1.0,0.0
702,231546,True,2017,77,0.534,0.583,2,-8.672,1,0.0288,0.0262,0.0,0.421,0.145,105.997,0.0,0.0,1.0,0.0
6,322226,True,2004,77,0.686,0.735,2,-4.616,1,0.264,0.00921,0.00066,0.342,0.0596,171.355,0.0,0.0,1.0,0.0
98,225533,False,2005,65,0.741,0.759,0,-5.096,0,0.12,0.0218,0.0,0.628,0.362,97.084,0.0,0.0,1.0,0.0
425,191000,False,2010,69,0.675,0.862,11,-4.614,1,0.0253,0.0165,0.000427,0.169,0.498,129.967,0.0,0.0,1.0,0.0
430,221240,False,2009,72,0.88,0.443,11,-6.359,0,0.0653,0.462,7.13e-06,0.122,0.803,138.018,0.0,0.0,1.0,0.0
117,298773,True,2004,73,0.851,0.849,1,-3.383,0,0.0828,0.497,2.05e-06,0.116,0.844,120.014,0.0,0.0,1.0,0.0
756,173153,False,2018,60,0.791,0.473,10,-9.86,0,0.25,0.279,0.0,0.0959,0.603,95.948,0.0,0.0,1.0,0.0
135,290760,True,2003,48,0.734,0.846,11,-6.102,1,0.409,0.101,0.0,0.233,0.702,145.894,0.0,0.0,1.0,0.0
427,252306,False,2011,81,0.671,0.939,8,-3.206,1,0.161,0.191,0.0,0.298,0.53,129.024,0.0,0.0,1.0,0.0
106,231213,False,2001,60,0.872,0.868,10,-3.036,0,0.12,0.153,2.26e-05,0.843,0.822,105.005,0.0,0.0,1.0,0.0
256,226013,True,2004,56,0.926,0.888,11,-5.337,1,0.294,0.261,0.0,0.348,0.819,98.523,0.0,0.0,1.0,0.0
768,216631,True,2018,70,0.755,0.599,8,-5.042,1,0.224,0.147,0.0,0.109,0.755,133.123,0.0,0.0,1.0,0.0
658,176674,True,2015,1,0.676,0.615,6,-7.534,0,0.0496,0.0384,0.0,0.341,0.883,163.993,0.0,0.0,1.0,0.0
284,278573,False,2008,74,0.672,0.82,11,-4.456,1,0.0459,0.0368,0.000188,0.184,0.438,120.005,0.0,0.0,1.0,0.0
720,135090,True,2018,82,0.921,0.537,9,-5.723,0,0.0804,0.556,0.00404,0.102,0.711,128.009,0.0,0.0,1.0,0.0
422,239613,True,2011,70,0.591,0.889,7,-3.839,1,0.115,0.0189,0.0,0.155,0.65,143.067,0.0,0.0,1.0,0.0
135,213760,True,2003,57,0.751,0.84,6,-4.855,1,0.349,0.367,0.0,0.0916,0.801,99.057,0.0,0.0,1.0,0.0
440,192440,False,2010,62,0.682,0.889,0,-4.166,1,0.0804,0.00564,0.0,0.36,0.827,138.021,0.0,0.0,1.0,0.0
135,230613,True,2006,62,0.551,0.598,1,-6.79,1,0.27,0.15,0.0,0.299,0.612,78.756,0.0,0.0,1.0,0.0
284,222306,False,2012,62,0.602,0.691,7,-5.197,0,0.051,0.0548,0.0,0.144,0.206,127.967,0.0,0.0,1.0,0.0
276,242680,False,2011,71,0.719,0.847,0,-6.34,0,0.0916,0.00201,0.0204,0.223,0.444,127.963,0.0,0.0,1.0,0.0
118,250373,False,2004,81,0.894,0.791,2,-4.699,1,0.112,0.0183,0.0,0.0388,0.583,105.018,0.0,0.0,1.0,0.0
441,238614,True,2018,77,0.912,0.412,7,-8.074,1,0.123,0.0165,0.0126,0.104,0.423,154.983,0.0,0.0,1.0,0.0
67,256973,True,2000,57,0.914,0.607,7,-5.658,1,0.32,0.0626,0.0,0.0515,0.666,98.054,0.0,0.0,1.0,0.0
734,172800,True,2017,80,0.88,0.428,9,-8.28,1,0.206,0.149,5.05e-05,0.114,0.333,100.007,0.0,0.0,1.0,0.0
34,205560,True,2002,71,0.759,0.678,9,-5.148,0,0.314,0.23,0.0,0.15,0.327,89.64,0.0,0.0,1.0,0.0
40,263226,True,2002,70,0.884,0.677,1,-5.603,1,0.283,0.0778,0.0,0.0732,0.584,101.868,0.0,0.0,1.0,0.0
325,207200,False,2009,63,0.762,0.702,0,-5.87,1,0.0432,0.0167,0.0,0.314,0.898,127.029,0.0,0.0,1.0,0.0
332,255706,False,2007,60,0.918,0.857,3,-5.032,0,0.0623,0.166,0.0003,0.0855,0.972,121.006,0.0,0.0,1.0,0.0
166,243880,False,2006,58,0.711,0.761,8,-3.04,1,0.225,0.067,0.0,0.041,0.718,95.824,0.0,0.0,1.0,0.0
276,240706,False,2012,76,0.621,0.31,9,-10.164,0,0.0283,0.945,6.12e-05,0.117,0.125,111.893,0.0,0.0,1.0,0.0
255,274333,True,2006,64,0.551,0.81,11,-4.365,1,0.0344,0.0155,0.0,0.169,0.332,73.464,0.0,0.0,1.0,0.0
458,202613,False,2010,80,0.751,0.783,4,-3.724,1,0.0859,0.00379,0.0,0.036,0.816,119.975,0.0,0.0,1.0,0.0
726,231266,True,2018,80,0.68,0.578,10,-5.804,1,0.04,0.331,0.0,0.135,0.341,145.038,0.0,0.0,1.0,0.0
79,237800,False,2010,73,0.531,0.752,1,-6.161,1,0.0305,0.0421,0.0,0.12,0.103,89.917,0.0,0.0,1.0,0.0
118,224640,False,2004,61,0.817,0.806,6,-4.606,1,0.0623,0.027,9e-06,0.119,0.805,110.086,0.0,0.0,1.0,0.0
734,205803,True,2019,68,0.919,0.622,1,-7.384,1,0.0997,0.228,4.24e-06,0.122,0.424,140.022,0.0,0.0,1.0,0.0
102,270506,True,2000,82,0.843,0.806,4,-5.946,0,0.269,0.143,0.0,0.0771,0.613,94.948,0.0,0.0,1.0,0.0
361,206413,False,2012,79,0.707,0.924,7,-2.842,1,0.031,0.000972,0.00703,0.204,0.919,127.937,0.0,0.0,1.0,0.0
376,239986,False,2009,71,0.839,0.804,1,-2.513,1,0.0329,0.0192,0.0,0.331,0.888,122.973,0.0,0.0,1.0,0.0
598,245866,False,2014,76,0.729,0.675,8,-6.003,1,0.0312,0.175,1.58e-06,0.55,0.779,119.968,0.0,0.0,1.0,0.0
384,192190,False,2015,76,0.688,0.702,7,-4.792,0,0.0499,0.0215,0.0,0.128,0.74,94.006,0.0,0.0,1.0,0.0
58,251040,False,2000,55,0.826,0.656,9,-8.529,1,0.0617,0.0101,0.000113,0.0272,0.852,129.963,0.0,0.0,1.0,0.0
792,241293,True,2019,78,0.812,0.496,9,-5.969,0,0.297,0.271,0.0,0.0955,0.55,109.979,0.0,0.0,1.0,0.0
540,228026,False,2012,46,0.603,0.831,11,-3.443,0,0.0479,0.027,0.0,0.652,0.358,72.022,0.0,0.0,1.0,0.0
389,271946,True,2010,68,0.376,0.841,3,-4.348,0,0.356,0.0435,0.0,0.578,0.463,76.052,0.0,0.0,1.0,0.0
197,260600,True,2004,66,0.675,0.501,10,-6.183,1,0.22,0.0541,0.0,0.429,0.532,139.861,0.0,0.0,1.0,0.0
580,213593,True,2019,80,0.837,0.364,8,-11.713,1,0.276,0.149,0.0,0.271,0.463,123.984,0.0,0.0,1.0,0.0
425,203520,False,2014,50,0.645,0.891,6,-2.505,0,0.0387,0.0932,3.88e-06,0.379,0.568,124.915,0.0,0.0,1.0,0.0
292,240040,True,2005,59,0.838,0.594,4,-5.695,0,0.113,0.176,0.0,0.0867,0.507,90.038,0.0,0.0,1.0,0.0
444,217306,False,2013,53,0.627,0.703,0,-4.884,1,0.236,0.563,0.0,0.0962,0.64,81.897,0.0,0.0,1.0,0.0
592,247266,False,2014,69,0.407,0.725,5,-5.346,0,0.188,0.0141,2.46e-06,0.306,0.247,196.093,0.0,0.0,1.0,0.0
81,223080,False,2006,81,0.872,0.872,1,-6.328,1,0.139,0.0476,0.00112,0.0543,0.809,116.948,0.0,0.0,1.0,0.0
269,209533,False,2007,62,0.822,0.905,5,-4.032,0,0.241,0.123,0.0,0.0496,0.674,128.014,0.0,0.0,1.0,0.0
256,316053,True,2004,72,0.559,0.733,2,-5.659,0,0.171,0.314,0.0,0.284,0.611,145.115,0.0,0.0,1.0,0.0
130,278693,True,2002,61,0.769,0.646,1,-6.653,1,0.199,0.0566,0.0,0.406,0.433,90.079,0.0,0.0,1.0,0.0
262,225173,True,2004,42,0.814,0.387,0,-9.867,1,0.0946,0.0248,0.0,0.131,0.792,93.961,0.0,0.0,1.0,0.0
595,239573,True,2014,61,0.886,0.628,8,-5.949,1,0.131,0.00215,1.15e-05,0.31,0.178,119.906,0.0,0.0,1.0,0.0
166,228000,True,2002,59,0.778,0.761,2,-5.529,1,0.0525,0.141,4.61e-05,0.0441,0.923,107.288,0.0,0.0,1.0,0.0
626,200080,True,2015,71,0.891,0.486,6,-7.803,1,0.159,0.0158,3.78e-06,0.0925,0.239,125.01,0.0,0.0,1.0,0.0
458,201546,False,2010,74,0.607,0.934,3,-4.217,1,0.0314,0.0327,0.0,0.0909,0.568,122.01,0.0,0.0,1.0,0.0
81,276106,False,2000,1,0.587,0.679,2,-6.26,1,0.0927,0.0839,0.000316,0.413,0.65,180.184,0.0,0.0,1.0,0.0
79,291781,True,2000,75,0.85,0.7,7,-6.49,1,0.0478,0.0616,1.8e-06,0.244,0.722,101.875,0.0,0.0,1.0,0.0
359,253706,True,2007,59,0.621,0.6,8,-6.349,1,0.576,0.277,0.0,0.495,0.485,80.021,0.0,0.0,1.0,0.0
711,181812,True,2017,77,0.791,0.582,11,-7.323,0,0.286,0.0114,0.0,0.35,0.443,162.991,0.0,0.0,1.0,0.0
40,252986,True,2001,57,0.622,0.669,9,-8.419,1,0.329,0.0266,2.97e-06,0.152,0.57,93.839,0.0,0.0,1.0,0.0
657,194613,True,2015,76,0.525,0.433,6,-10.598,1,0.185,0.107,0.0,0.135,0.276,160.108,0.0,0.0,1.0,0.0
361,212640,False,2015,76,0.738,0.868,11,-4.373,0,0.0731,0.0392,0.00169,0.388,0.336,122.003,0.0,0.0,1.0,0.0
388,190013,False,2011,1,0.493,0.849,7,-6.139,0,0.0576,0.000337,0.00672,0.355,0.483,127.999,0.0,0.0,1.0,0.0
209,276800,False,2003,61,0.765,0.821,4,-5.926,0,0.183,0.0918,0.0,0.217,0.962,162.519,0.0,0.0,1.0,0.0
719,189486,True,2018,75,0.581,0.662,9,-5.239,1,0.303,0.0153,0.0,0.111,0.434,93.023,0.0,0.0,1.0,0.0
217,294693,False,2002,60,0.733,0.521,3,-3.657,0,0.0457,0.107,0.0,0.0692,0.525,112.913,0.0,0.0,1.0,0.0
40,226863,True,2005,67,0.904,0.813,4,-7.105,0,0.121,0.0311,0.00697,0.0471,0.81,125.461,0.0,0.0,1.0,0.0
276,238920,False,2006,73,0.677,0.671,7,-4.905,1,0.0361,0.004,5.07e-05,0.413,0.527,137.046,0.0,0.0,1.0,0.0
524,313786,True,2012,63,0.716,0.485,1,-7.745,1,0.404,0.123,2.69e-05,0.604,0.26,74.132,0.0,0.0,1.0,0.0
263,270306,False,2008,66,0.76,0.524,1,-7.67,0,0.0323,0.0542,0.5,0.112,0.112,119.603,0.0,0.0,1.0,0.0
510,186851,False,2011,59,0.753,0.88,4,-4.689,0,0.0806,0.087,0.0,0.24,0.794,115.057,0.0,0.0,1.0,0.0
440,192573,True,2008,70,0.791,0.713,5,-3.742,0,0.254,0.0163,0.0,0.189,0.514,130.012,0.0,0.0,1.0,0.0
675,240000,True,2016,69,0.895,0.681,7,-5.267,0,0.358,0.157,0.0,0.189,0.554,121.918,0.0,0.0,1.0,0.0
284,229866,False,2005,71,0.846,0.482,1,-6.721,0,0.129,0.0246,0.0,0.393,0.212,100.969,0.0,0.0,1.0,0.0
475,232506,True,2010,51,0.544,0.781,10,-3.616,1,0.189,0.014,0.0,0.161,0.277,150.1,0.0,0.0,1.0,0.0
284,229040,False,2005,69,0.536,0.612,4,-5.847,1,0.272,0.119,0.0,0.209,0.57,86.768,0.0,0.0,1.0,0.0
726,215280,False,2019,85,0.695,0.762,0,-3.497,1,0.0395,0.192,0.00244,0.0863,0.553,120.042,0.0,0.0,1.0,0.0
475,296146,True,2011,70,0.413,0.807,11,-3.499,0,0.318,0.0536,0.0,0.631,0.438,149.33,0.0,0.0,1.0,0.0
263,271600,True,2007,47,0.596,0.62,5,-6.133,0,0.039,0.0122,0.0,0.82,0.102,80.029,0.0,0.0,1.0,0.0
163,247413,True,2006,59,0.744,0.697,11,-5.063,0,0.197,0.0106,0.0,0.0842,0.767,149.28,0.0,0.0,1.0,0.0
6,290320,True,2002,87,0.908,0.669,7,-2.827,1,0.0738,0.00286,0.0,0.237,0.662,112.238,0.0,0.0,1.0,0.0
101,320357,False,2001,76,0.613,0.697,2,-8.618,1,0.133,0.0194,0.0,0.332,0.476,122.746,0.0,0.0,1.0,0.0
276,219305,True,2015,73,0.781,0.728,1,-4.981,1,0.0621,0.0509,1.94e-06,0.257,0.395,102.99,0.0,0.0,1.0,0.0
441,181573,True,2011,74,0.766,0.442,1,-8.558,1,0.356,0.000107,6.12e-05,0.111,0.39,201.8,0.0,0.0,1.0,0.0
427,204160,False,2012,80,0.581,0.963,11,-4.087,1,0.0981,0.0295,0.0,0.139,0.788,129.992,0.0,0.0,1.0,0.0
812,200593,False,2019,69,0.847,0.678,9,-8.635,1,0.109,0.0669,0.0,0.274,0.811,97.984,0.0,0.0,1.0,0.0
638,190677,False,2017,0,0.763,0.598,11,-6.865,1,0.0539,0.0714,0.0,0.112,0.182,140.987,0.0,0.0,1.0,0.0
276,243533,False,2010,73,0.767,0.682,1,-5.02,1,0.042,0.0113,0.00016,0.104,0.833,127.975,0.0,0.0,1.0,0.0
212,195986,False,2011,68,0.813,0.732,7,-5.636,1,0.03,0.0597,0.00137,0.0826,0.731,130.02,0.0,0.0,1.0,0.0
530,204956,True,2014,0,0.847,0.769,11,-5.761,0,0.258,0.0145,0.00012,0.0767,0.626,126.017,0.0,0.0,1.0,0.0
34,267520,True,2009,75,0.632,0.924,1,-1.802,1,0.29,0.281,0.0,0.263,0.441,86.844,0.0,0.0,1.0,0.0
719,209269,True,2017,0,0.839,0.81,5,-5.274,0,0.0568,0.501,0.0,0.117,0.814,129.014,0.0,0.0,1.0,0.0
190,213066,False,2005,75,0.648,0.931,1,-3.15,0,0.181,0.00937,0.0,0.752,0.744,153.649,0.0,0.0,1.0,0.0
392,243013,False,2008,61,0.775,0.641,1,-6.718,1,0.038,0.0327,0.0,0.18,0.305,119.974,0.0,0.0,1.0,0.0
469,196000,True,2016,62,0.916,0.804,0,-3.406,1,0.049,0.37,1.18e-05,0.0812,0.538,120.028,0.0,0.0,1.0,0.0
302,273826,False,2008,0,0.648,0.516,10,-8.869,0,0.049,0.00179,0.0,0.0772,0.0756,89.828,0.0,0.0,1.0,0.0
99,248933,False,2002,52,0.611,0.654,10,-4.823,0,0.139,0.372,0.00432,0.0926,0.609,105.922,0.0,0.0,1.0,0.0
718,228759,True,2018,77,0.861,0.603,8,-5.788,0,0.176,0.0521,0.0,0.0924,0.504,98.043,0.0,0.0,1.0,0.0
22,244466,True,2000,54,0.656,0.88,11,-5.425,0,0.143,0.0421,0.0,0.294,0.758,85.565,0.0,0.0,1.0,0.0
497,219026,True,2012,62,0.787,0.666,11,-4.475,1,0.0485,0.0409,1.91e-05,0.296,0.485,140.008,0.0,0.0,1.0,0.0
198,239026,False,2003,73,0.662,0.748,5,-3.041,0,0.268,0.688,8.43e-06,0.0841,0.535,82.331,0.0,0.0,1.0,0.0
361,234506,False,2012,70,0.695,0.869,8,-5.066,1,0.0483,0.41,0.0,0.237,0.58,124.989,0.0,0.0,1.0,0.0
425,193333,False,2015,47,0.599,0.869,0,-3.697,1,0.0789,0.0525,0.00719,0.103,0.593,108.061,0.0,0.0,1.0,0.0
190,217733,False,2004,53,0.785,0.799,11,-2.208,0,0.126,0.117,0.0,0.292,0.797,104.923,0.0,0.0,1.0,0.0
585,199938,True,2014,69,0.912,0.716,10,-4.141,0,0.0697,0.0904,0.0,0.0491,0.377,94.981,0.0,0.0,1.0,0.0
6,248680,True,2004,67,0.94,0.633,8,-3.56,1,0.0467,0.0581,4.04e-05,0.281,0.962,121.003,0.0,0.0,1.0,0.0
263,193733,True,2004,73,0.637,0.834,3,-4.686,0,0.323,0.614,0.0,0.317,0.715,87.312,0.0,0.0,1.0,0.0
497,229525,False,2015,81,0.689,0.481,10,-7.503,1,0.0815,0.369,1.03e-06,0.0649,0.283,80.025,0.0,0.0,1.0,0.0
276,219320,True,2016,75,0.725,0.534,11,-6.238,1,0.0946,0.0752,0.0,0.0919,0.558,91.974,0.0,0.0,1.0,0.0
512,165908,True,2011,61,0.636,0.901,1,-7.094,0,0.118,0.119,0.0,0.391,0.836,162.994,0.0,0.0,1.0,0.0
298,204040,True,2008,1,0.575,0.684,1,-6.007,1,0.325,0.299,0.0,0.614,0.926,172.155,0.0,0.0,1.0,0.0
251,252440,True,2003,61,0.884,0.697,11,-6.022,1,0.128,0.0509,0.0,0.094,0.322,101.965,0.0,0.0,1.0,0.0
461,196533,False,2010,46,0.769,0.922,1,-1.966,1,0.108,0.000939,0.197,0.233,0.506,127.965,0.0,0.0,0.0,1.0
691,262521,True,2016,53,0.581,0.531,3,-6.829,0,0.0322,0.0731,3.27e-06,0.0616,0.273,75.255,0.0,0.0,0.0,1.0
588,223386,False,2014,49,0.861,0.475,9,-7.195,0,0.0487,0.00865,0.119,0.122,0.599,124.96,0.0,0.0,0.0,1.0
665,241874,False,2016,72,0.841,0.639,9,-6.052,0,0.0688,0.0156,0.0654,0.0545,0.675,99.002,0.0,0.0,0.0,1.0
608,228000,False,2014,48,0.525,0.803,0,-4.052,0,0.0492,0.00129,0.000868,0.29,0.383,100.094,0.0,0.0,0.0,1.0
572,150400,False,2014,0,0.832,0.815,0,-8.035,0,0.081,0.00304,0.00553,0.263,0.519,119.995,0.0,0.0,0.0,1.0
498,215624,True,2011,49,0.926,0.808,11,-3.148,0,0.0599,0.000915,0.00327,0.0515,0.701,127.998,0.0,0.0,0.0,1.0
378,295933,False,2006,52,0.67,0.8,3,-6.731,1,0.0652,0.00184,0.000356,0.466,0.656,123.802,0.0,0.0,0.0,1.0
772,202093,True,2019,84,0.658,0.671,2,-12.21,1,0.0363,0.0933,0.000927,0.115,0.166,100.966,0.0,0.0,0.0,1.0
471,157438,False,2010,1,0.901,0.805,6,-5.005,1,0.0464,0.0712,0.0812,0.0923,0.737,124.996,0.0,0.0,0.0,1.0
480,208853,False,2010,62,0.72,0.538,3,-5.85,0,0.141,0.301,3.03e-06,0.144,0.815,147.007,0.0,0.0,0.0,1.0
9,307153,False,2001,77,0.72,0.808,6,-5.627,1,0.0379,0.00793,0.0293,0.0634,0.869,126.041,0.0,0.0,0.0,1.0
281,393813,False,2005,63,0.745,0.714,7,-3.681,1,0.0751,0.0141,0.0222,0.363,0.365,104.003,0.0,0.0,0.0,1.0
129,231166,False,2018,0,0.676,0.715,6,-6.854,1,0.0287,0.00284,0.0746,0.0685,0.275,129.006,0.0,0.0,0.0,1.0
114,213133,False,2001,54,0.464,0.922,0,-8.399,1,0.0638,0.124,0.227,0.0546,0.695,129.078,0.0,0.0,0.0,1.0
107,452906,False,2000,50,0.61,0.82,3,-10.029,1,0.0312,0.000211,0.146,0.138,0.45,127.993,0.0,0.0,0.0,1.0
507,235735,True,2011,39,0.656,0.752,11,-5.522,0,0.0434,0.336,0.0,0.223,0.445,100.963,0.0,0.0,0.0,1.0
760,190920,False,2018,56,0.671,0.834,1,-3.928,0,0.0885,0.0387,0.0,0.454,0.454,113.021,0.0,0.0,0.0,1.0
558,220779,False,2013,58,0.754,0.677,6,-4.399,0,0.0316,0.112,0.0,0.111,0.254,124.988,0.0,0.0,0.0,1.0
162,432146,False,2002,48,0.786,0.853,9,-8.274,0,0.0688,0.0499,0.0872,0.35,0.309,126.99,0.0,0.0,0.0,1.0
